reference,reference_sha,path,decision,reason,base_blob,reference_blob,candidate_blob
local,2688cc2a426a5a8b24c3b33a98b8f6830f1f005f,CMakeLists.txt,superseded,"Retain superset physical planning, typed model contracts and lifecycle; do not restore old selectors or duplicate LegacyAfeMpkDecoder.",8b6ade5562323d20b8890ba71311b7a52508f9c9,9606872bc8d4966633ad59ad5841498b86222043,8b6ade5562323d20b8890ba71311b7a52508f9c9
local,2688cc2a426a5a8b24c3b33a98b8f6830f1f005f,docs/develop-apps/contribute/start-here/architecture.md,superseded,"Keep consolidated documentation/tooling; older workflow is comparison evidence, not a runtime dependency.",75c68ca897abb95af7ae659487ec914bd620f491,02dc6a8a47f75f566144e1547024751e357fbe58,f92ecf8347c5de8c7cd20d400856ac714872e54b
local,2688cc2a426a5a8b24c3b33a98b8f6830f1f005f,include/gst/SimaPluginStaticManifestAbi.h,superseded,"Retain superset physical planning, typed model contracts and lifecycle; do not restore old selectors or duplicate LegacyAfeMpkDecoder.",57a791d26ae63bf8f228b202e3b41a6b742a0bcc,7e14f75fa894f095e3aa7c0d0d2d564bd1d9d0ca,8d8f3944bbcff988cd038337fd2f881f00841e8c
local,2688cc2a426a5a8b24c3b33a98b8f6830f1f005f,src/model/ModelPack.cpp,superseded,"Retain superset physical planning, typed model contracts and lifecycle; do not restore old selectors or duplicate LegacyAfeMpkDecoder.",ee71f6f10e0076ad030d1d0a7dcd45a3368fbc50,7b92d911005b0c8bae18e64ec95ed496dca972b0,00f57d636c902a74cfa07e64982540fee40d50b8
local,2688cc2a426a5a8b24c3b33a98b8f6830f1f005f,src/model/internal/ModelPack.h,superseded,"Retain superset physical planning, typed model contracts and lifecycle; do not restore old selectors or duplicate LegacyAfeMpkDecoder.",cc2834940a8ada971fad7f049575665ec91249cb,0b8432eddfb8cb8153c5ace51cdbd98430e298ae,34c521160aa28668949b77c7d281210d03b6036d
local,2688cc2a426a5a8b24c3b33a98b8f6830f1f005f,src/pipeline/graph/GraphBuildInput.cpp,superseded,"Retain superset physical planning, typed model contracts and lifecycle; do not restore old selectors or duplicate LegacyAfeMpkDecoder.",f1ad374792a92eeaa730aea613b253303c222dd1,afebd8f08a28d9f1a5968f994511293d2161ca9d,4c5d9d9e540a45e315653106b3e663b0ce1e56e3
local,2688cc2a426a5a8b24c3b33a98b8f6830f1f005f,src/pipeline/graph/GraphBuildSource.cpp,superseded,"Retain superset physical planning, typed model contracts and lifecycle; do not restore old selectors or duplicate LegacyAfeMpkDecoder.",727f9a4a8b74c42b0522cc2d67d4f509f59cac6c,dd8d33d8b363c70b939c9294dc175792c5363b30,727f9a4a8b74c42b0522cc2d67d4f509f59cac6c
local,2688cc2a426a5a8b24c3b33a98b8f6830f1f005f,src/pipeline/gst/GstDiagnosticsUtil.cpp,already included,Reference and starting-superset blobs match; no import needed.,8ab82327b61f6dad639bb36a0e403d45cc4b1a74,8ab82327b61f6dad639bb36a0e403d45cc4b1a74,8ab82327b61f6dad639bb36a0e403d45cc4b1a74
local,2688cc2a426a5a8b24c3b33a98b8f6830f1f005f,src/pipeline/gst/InputStreamLifecycle.cpp,superseded,"Retain superset physical planning, typed model contracts and lifecycle; do not restore old selectors or duplicate LegacyAfeMpkDecoder.",c39c0daaadd4809acfe55bd29b1280c35bda613b,b28442efc8fc0fbe3fc31768aaef8258a5226f99,c39c0daaadd4809acfe55bd29b1280c35bda613b
local,2688cc2a426a5a8b24c3b33a98b8f6830f1f005f,src/pipeline/gst/InputStreamUtil.cpp,superseded,"Retain superset physical planning, typed model contracts and lifecycle; do not restore old selectors or duplicate LegacyAfeMpkDecoder.",87befb70e9f7670a419d1fd7f7bfe36dd6f293ef,57fc3dc1259289183fe9822c129012d33dc452d4,4e1523ef92f112c607536a81e2cc1ecdaea2880e
local,2688cc2a426a5a8b24c3b33a98b8f6830f1f005f,src/pipeline/internal/GstDiagnosticsUtil.h,already included,Reference and starting-superset blobs match; no import needed.,ed5569ccb09b669856cd1b26a6d477b5eddffcb9,ed5569ccb09b669856cd1b26a6d477b5eddffcb9,ed5569ccb09b669856cd1b26a6d477b5eddffcb9
local,2688cc2a426a5a8b24c3b33a98b8f6830f1f005f,src/pipeline/internal/InputStream.h,superseded,"Retain superset physical planning, typed model contracts and lifecycle; do not restore old selectors or duplicate LegacyAfeMpkDecoder.",ca7d28b820fbf177ce644a1445df797819f8a8f1,2af644364f1e720cd04420dbfbd2828d77518f17,9b26f16151766de6f82063ed5e49433dfc8fba8b
local,2688cc2a426a5a8b24c3b33a98b8f6830f1f005f,src/pipeline/internal/InputStreamTeardownPolicy.h,already included,Reference and starting-superset blobs match; no import needed.,7fae6b3ec1719b7337141279bc65c1a098f64351,7fae6b3ec1719b7337141279bc65c1a098f64351,7fae6b3ec1719b7337141279bc65c1a098f64351
local,2688cc2a426a5a8b24c3b33a98b8f6830f1f005f,src/pipeline/internal/InputStreamUtil.h,superseded,"Retain superset physical planning, typed model contracts and lifecycle; do not restore old selectors or duplicate LegacyAfeMpkDecoder.",218538538eb4795678ea43446cc310dac838b55a,ece1dcffd737f9dd0ba38edc3119dff871e23d7d,50ae2cb9814d6faebc2df25b4934d2a00a0a46dc
local,2688cc2a426a5a8b24c3b33a98b8f6830f1f005f,src/pipeline/internal/MemoryBackendPolicy.cpp,superseded,"Retain superset physical planning, typed model contracts and lifecycle; do not restore old selectors or duplicate LegacyAfeMpkDecoder.",3b9d802e116f6b9e05f2feeefac33251b2fa2471,16499876933f0c72f51ba76eaa819cfb1c456723,
local,2688cc2a426a5a8b24c3b33a98b8f6830f1f005f,src/pipeline/internal/MemoryBackendPolicy.h,superseded,"Retain superset physical planning, typed model contracts and lifecycle; do not restore old selectors or duplicate LegacyAfeMpkDecoder.",0d01e26c5e2e204a01b408fad2314b31387256d8,f190829f4c5de0850e81b53cd1c56447e0b46683,
local,2688cc2a426a5a8b24c3b33a98b8f6830f1f005f,src/pipeline/internal/contract/PluginCompiledContracts.h,superseded,"Retain superset physical planning, typed model contracts and lifecycle; do not restore old selectors or duplicate LegacyAfeMpkDecoder.",e4f63e7ea51b1e2f9ff322cf24400a94317b5d2f,61271b8520525b927b36ca4ad590b325490ca5b5,e4f63e7ea51b1e2f9ff322cf24400a94317b5d2f
local,2688cc2a426a5a8b24c3b33a98b8f6830f1f005f,src/pipeline/internal/sima/ContractRender.cpp,superseded,"Retain superset physical planning, typed model contracts and lifecycle; do not restore old selectors or duplicate LegacyAfeMpkDecoder.",0dc6c74b99a89be363e2a3ed635e4d361dfdb438,97f93d5cdee0ba0937d4106ede4bcc3ce60da4cd,0dc6c74b99a89be363e2a3ed635e4d361dfdb438
local,2688cc2a426a5a8b24c3b33a98b8f6830f1f005f,src/pipeline/internal/sima/MlaElfIoTopology.cpp,superseded,"Retain superset physical planning, typed model contracts and lifecycle; do not restore old selectors or duplicate LegacyAfeMpkDecoder.",7936b62b529cc98b94eaf3ea1cdf1a4ddadeea69,07ce365777a28f8b7e64769e40c81506622de2c3,7936b62b529cc98b94eaf3ea1cdf1a4ddadeea69
local,2688cc2a426a5a8b24c3b33a98b8f6830f1f005f,src/pipeline/internal/sima/MlaElfIoTopology.h,superseded,"Retain superset physical planning, typed model contracts and lifecycle; do not restore old selectors or duplicate LegacyAfeMpkDecoder.",20cb86fc52a04abb480e5e58f2f1365efe0993da,78c7879ce3534d4ce64c14e67042c1e8af83dea4,20cb86fc52a04abb480e5e58f2f1365efe0993da
local,2688cc2a426a5a8b24c3b33a98b8f6830f1f005f,src/pipeline/internal/sima/MlaStaticContractExtractor.h,superseded,"Retain superset physical planning, typed model contracts and lifecycle; do not restore old selectors or duplicate LegacyAfeMpkDecoder.",9a250e35503a37b5b916099802de958a6f7c2313,43404f9d318bbda81d7ac0224b14348aac4aa7c2,9a250e35503a37b5b916099802de958a6f7c2313
local,2688cc2a426a5a8b24c3b33a98b8f6830f1f005f,src/pipeline/internal/sima/SimaPluginStaticManifest.cpp,superseded,"Retain superset physical planning, typed model contracts and lifecycle; do not restore old selectors or duplicate LegacyAfeMpkDecoder.",8d8b184e8b2e622b1726125fb7e7976ad8236d36,42399fdc6db7c93ff9db14a690f82bf3e256d654,8d8b184e8b2e622b1726125fb7e7976ad8236d36
local,2688cc2a426a5a8b24c3b33a98b8f6830f1f005f,src/pipeline/internal/sima/SimaPluginStaticManifest.h,superseded,"Retain superset physical planning, typed model contracts and lifecycle; do not restore old selectors or duplicate LegacyAfeMpkDecoder.",2334a1aa6ce9e8043f3c2505a6206c1852ea09e5,eec63712adf0e0ecf0ee4f1cf9290e074f2ad837,2334a1aa6ce9e8043f3c2505a6206c1852ea09e5
local,2688cc2a426a5a8b24c3b33a98b8f6830f1f005f,src/pipeline/internal/sima/StaticSpecBuilders.cpp,superseded,"Retain superset physical planning, typed model contracts and lifecycle; do not restore old selectors or duplicate LegacyAfeMpkDecoder.",dd088bdb8d83a2bce09101ed762b9e26df40203d,1c8669dc30956e7b43d18c8eb8f41623c358ee56,dd088bdb8d83a2bce09101ed762b9e26df40203d
local,2688cc2a426a5a8b24c3b33a98b8f6830f1f005f,src/pipeline/internal/sima/StaticSpecBuilders.h,already included,Reference and starting-superset blobs match; no import needed.,cfa0049bc782eef58bcafee43400aad2a01bc84e,cfa0049bc782eef58bcafee43400aad2a01bc84e,cfa0049bc782eef58bcafee43400aad2a01bc84e
local,2688cc2a426a5a8b24c3b33a98b8f6830f1f005f,src/pipeline/internal/sima/stagesemantics/ProcessMlaStageSemantics.cpp,superseded,"Retain superset physical planning, typed model contracts and lifecycle; do not restore old selectors or duplicate LegacyAfeMpkDecoder.",f4237df9a6a73e877c4ddd361a20fca160aed268,9f6c1f1b01f18a1bb082028783f08bdb3b9b85d3,f4237df9a6a73e877c4ddd361a20fca160aed268
local,2688cc2a426a5a8b24c3b33a98b8f6830f1f005f,src/pipeline/internal/sima/static_contract/DmabufPlanContractProjection.cpp,superseded,"Retain superset physical planning, typed model contracts and lifecycle; do not restore old selectors or duplicate LegacyAfeMpkDecoder.",022a7acb5565fe110ab257d7b7dd1a12563ba6f5,5f08aaf768835ee441ce12cfc0f0f55df771bb49,022a7acb5565fe110ab257d7b7dd1a12563ba6f5
local,2688cc2a426a5a8b24c3b33a98b8f6830f1f005f,src/pipeline/internal/sima/static_contract/DmabufPlanContractProjection.h,superseded,"Retain superset physical planning, typed model contracts and lifecycle; do not restore old selectors or duplicate LegacyAfeMpkDecoder.",0eae4660a33fbf37d8a751c4467f970ff7bf1cc5,6bd1129241bbe0d3c346cbf541321b449d194ce5,0eae4660a33fbf37d8a751c4467f970ff7bf1cc5
local,2688cc2a426a5a8b24c3b33a98b8f6830f1f005f,src/pipeline/internal/sima/static_contract/FrameSlotArenaPlan.cpp,superseded,"Retain superset physical planning, typed model contracts and lifecycle; do not restore old selectors or duplicate LegacyAfeMpkDecoder.",0bfed6b0d37db67d4ed93dcc0debcee111c1b4e8,80d3953d11680246bc9c6a1664f252528ba1aa37,0bfed6b0d37db67d4ed93dcc0debcee111c1b4e8
local,2688cc2a426a5a8b24c3b33a98b8f6830f1f005f,src/pipeline/internal/sima/static_contract/FrameSlotArenaPlan.h,superseded,"Retain superset physical planning, typed model contracts and lifecycle; do not restore old selectors or duplicate LegacyAfeMpkDecoder.",c54075581f744b51682ca471d9bf31f350d3f4bb,9e57a758f8ef022897db1c5169890836889fecc8,c54075581f744b51682ca471d9bf31f350d3f4bb
local,2688cc2a426a5a8b24c3b33a98b8f6830f1f005f,src/pipeline/internal/sima/static_contract/KernelRegistry.cpp,superseded,"Retain superset physical planning, typed model contracts and lifecycle; do not restore old selectors or duplicate LegacyAfeMpkDecoder.",66919aa85da89e3b432ccb8bdcc49d40e9f71d55,4c16720f5ca6025eedc571c476fa3b0a69d128bf,66919aa85da89e3b432ccb8bdcc49d40e9f71d55
local,2688cc2a426a5a8b24c3b33a98b8f6830f1f005f,src/pipeline/internal/sima/static_contract/KernelRegistry.h,already included,Reference and starting-superset blobs match; no import needed.,88d1a2ea9f64fce5c11c312cd105a199f99117b0,88d1a2ea9f64fce5c11c312cd105a199f99117b0,88d1a2ea9f64fce5c11c312cd105a199f99117b0
local,2688cc2a426a5a8b24c3b33a98b8f6830f1f005f,src/pipeline/internal/sima/static_contract/LegacyAfeMpkDecoder.cpp,superseded,"Retain superset physical planning, typed model contracts and lifecycle; do not restore old selectors or duplicate LegacyAfeMpkDecoder.",,13cb8b846c0946c1dda479726940476fef1bf0fb,
local,2688cc2a426a5a8b24c3b33a98b8f6830f1f005f,src/pipeline/internal/sima/static_contract/LegacyAfeMpkDecoder.h,superseded,"Retain superset physical planning, typed model contracts and lifecycle; do not restore old selectors or duplicate LegacyAfeMpkDecoder.",,f963068f032b580b079392916a8289f1b6d059f3,
local,2688cc2a426a5a8b24c3b33a98b8f6830f1f005f,src/pipeline/internal/sima/static_contract/ModelExecutionPlan.cpp,superseded,"Retain superset physical planning, typed model contracts and lifecycle; do not restore old selectors or duplicate LegacyAfeMpkDecoder.",df3c7054ebd1985af246febd497ac944871c64a7,ada3cd58e300471ab9375210b382c8f975692773,df3c7054ebd1985af246febd497ac944871c64a7
local,2688cc2a426a5a8b24c3b33a98b8f6830f1f005f,src/pipeline/internal/sima/static_contract/ModelExecutionPlan.h,superseded,"Retain superset physical planning, typed model contracts and lifecycle; do not restore old selectors or duplicate LegacyAfeMpkDecoder.",676963885dcdfb139e2b66dff7ff15516e182ad4,e3c818e8e4ac498be58746db4454e2a64b3b14cd,676963885dcdfb139e2b66dff7ff15516e182ad4
local,2688cc2a426a5a8b24c3b33a98b8f6830f1f005f,src/pipeline/sample/SampleUtil.cpp,superseded,"Retain superset physical planning, typed model contracts and lifecycle; do not restore old selectors or duplicate LegacyAfeMpkDecoder.",1228debee62fd2fe7a7d1167946517e431d540d8,ad6ce905bd5cb217669738db057f8f4029fe8301,d079d6702244ad14ba750a7a453cb3b26bef6734
local,2688cc2a426a5a8b24c3b33a98b8f6830f1f005f,src/pipeline/tensor/TensorTransfer.cpp,superseded,"Retain superset physical planning, typed model contracts and lifecycle; do not restore old selectors or duplicate LegacyAfeMpkDecoder.",ed3716dd8d2494e9716823006f1f03eec05fd997,31644bade592d17ee96a23e3f11b2ba087fc9aeb,feea9ea842e151bc8fdbdc37a4c2278e20654d0b
local,2688cc2a426a5a8b24c3b33a98b8f6830f1f005f,tests/CMakeLists.txt,superseded,"Retain superset physical planning, typed model contracts and lifecycle; do not restore old selectors or duplicate LegacyAfeMpkDecoder.",05cf55c8bd90ae2096b65e84148507c521c065db,3575c6e01ff87d8fc7135f815afb87931fad8d6b,5b5cac7eaaf1637323494c39567ff08380d0159a
local,2688cc2a426a5a8b24c3b33a98b8f6830f1f005f,tests/graph_migration/legacy/evo_tput_bench.cpp,superseded,"Retain superset physical planning, typed model contracts and lifecycle; do not restore old selectors or duplicate LegacyAfeMpkDecoder.",96e465a9788e76a6297b540ce9df809e113e5366,0fa0cda7936acef2d796b9916fa0877fb5f4fbf1,96e465a9788e76a6297b540ce9df809e113e5366
local,2688cc2a426a5a8b24c3b33a98b8f6830f1f005f,tests/neat_tensor_device_placement_test.cpp,superseded,"Retain superset physical planning, typed model contracts and lifecycle; do not restore old selectors or duplicate LegacyAfeMpkDecoder.",98ad0bee550af7b4e814f3ed21e966c2e7e2ce4f,88c9a49438fd099bbaf1c81a6d41117ec07b3643,85cb46d82b3c72a9b214613e004ed95455ea5b26
local,2688cc2a426a5a8b24c3b33a98b8f6830f1f005f,tests/tools/run_legacy_afe_evo_corpus_test.py,already included,Reference and starting-superset blobs match; no import needed.,cb40913d6cf43fcad10fdb393e986e5ec369b436,cb40913d6cf43fcad10fdb393e986e5ec369b436,cb40913d6cf43fcad10fdb393e986e5ec369b436
local,2688cc2a426a5a8b24c3b33a98b8f6830f1f005f,tests/unit_testing/unit_dmabuf_plan_contract_projection_test.cpp,superseded,"Retain superset physical planning, typed model contracts and lifecycle; do not restore old selectors or duplicate LegacyAfeMpkDecoder.",3c9822c43b4ce8e2583b8e1b8df612a6d8088b55,7cf73674ee816531dd882d971a7c56f14b6571fe,3c9822c43b4ce8e2583b8e1b8df612a6d8088b55
local,2688cc2a426a5a8b24c3b33a98b8f6830f1f005f,tests/unit_testing/unit_frame_slot_arena_plan_test.cpp,superseded,"Retain superset physical planning, typed model contracts and lifecycle; do not restore old selectors or duplicate LegacyAfeMpkDecoder.",ec560b7e4b6f00027d22e27bbc2932c5c06fd42a,e0598451a5a498ccfb00cce9d2e90256680aacac,ec560b7e4b6f00027d22e27bbc2932c5c06fd42a
local,2688cc2a426a5a8b24c3b33a98b8f6830f1f005f,tests/unit_testing/unit_inputstream_stop_flush_test.cpp,superseded,"Retain superset physical planning, typed model contracts and lifecycle; do not restore old selectors or duplicate LegacyAfeMpkDecoder.",5c4f3fe9979b267fc9d7296ca3e50e6a304d0f8b,a3aa0573ea23a88377b4901469e64e1d7023ad28,5c4f3fe9979b267fc9d7296ca3e50e6a304d0f8b
local,2688cc2a426a5a8b24c3b33a98b8f6830f1f005f,tests/unit_testing/unit_legacy_afe_mpk_decoder_test.cpp,superseded,"Retain superset physical planning, typed model contracts and lifecycle; do not restore old selectors or duplicate LegacyAfeMpkDecoder.",,8556a0e3eeb05ee2553bb8dfe5f0a9074200e353,
local,2688cc2a426a5a8b24c3b33a98b8f6830f1f005f,tests/unit_testing/unit_mla_elf_io_topology_test.cpp,superseded,"Retain superset physical planning, typed model contracts and lifecycle; do not restore old selectors or duplicate LegacyAfeMpkDecoder.",fd2c17990c7e0ff94ca66f4f96d2a58e7d6a7bc8,ef5cfd9c33c18a64ee440f4aaf683bd11ddbf58f,fd2c17990c7e0ff94ca66f4f96d2a58e7d6a7bc8
local,2688cc2a426a5a8b24c3b33a98b8f6830f1f005f,tests/unit_testing/unit_model_stage_fragments_test.cpp,superseded,"Retain superset physical planning, typed model contracts and lifecycle; do not restore old selectors or duplicate LegacyAfeMpkDecoder.",74b421be83171b81b011722bc3c95a9c0f69c20d,13a1c4c2c61047804b4ebaf214d1d30bf7684e50,74b421be83171b81b011722bc3c95a9c0f69c20d
local,2688cc2a426a5a8b24c3b33a98b8f6830f1f005f,tests/unit_testing/unit_modelpack_mla_handoff_segment_test.cpp,superseded,"Retain superset physical planning, typed model contracts and lifecycle; do not restore old selectors or duplicate LegacyAfeMpkDecoder.",bac887f5d95915063173f3edf44a4b8e96015877,ecb7b3049bf6a0dafd567dafdbdad0a5353a2d30,92da9d8609456e531e0926164b79357998050af5
local,2688cc2a426a5a8b24c3b33a98b8f6830f1f005f,tests/unit_testing/unit_sima_plugin_static_manifest_contract_test.cpp,superseded,"Retain superset physical planning, typed model contracts and lifecycle; do not restore old selectors or duplicate LegacyAfeMpkDecoder.",fd7eca646b7c6f7d6bc31f03f055c8ca2f927546,e4bdedc3b2ff2645b3d23cbb1fe6dca88fd43fdf,fd7eca646b7c6f7d6bc31f03f055c8ca2f927546
local,2688cc2a426a5a8b24c3b33a98b8f6830f1f005f,tests/unit_testing/unit_sima_plugin_static_manifest_parse_test.cpp,superseded,"Retain superset physical planning, typed model contracts and lifecycle; do not restore old selectors or duplicate LegacyAfeMpkDecoder.",27c7fa9b152449cb0951355c6c0e577d15c52f21,f56ec4ad23be2997e84a6a908d6f641089bfda6f,27c7fa9b152449cb0951355c6c0e577d15c52f21
consolidation,5c9fb41ea4fa07c1bc4470141f874f34177dec83,src/model/Model.cpp,required addition,Selected semantics incorporated with localized integration; retain superset behavior outside this change.,32a786b5076398d1a6b7afb2a89718691524d329,bfb5f9f41d6ce4ce0cf85d9defcf801b165ece01,d31e2e408a57b6ff89d68336f5201ffb990bc13a
consolidation,5c9fb41ea4fa07c1bc4470141f874f34177dec83,src/model/ModelPack.cpp,required addition,Selected semantics incorporated with localized integration; retain superset behavior outside this change.,ee71f6f10e0076ad030d1d0a7dcd45a3368fbc50,c9e93af6ca443f024dfd36ac670451ff4291ad1a,00f57d636c902a74cfa07e64982540fee40d50b8
consolidation,5c9fb41ea4fa07c1bc4470141f874f34177dec83,src/model/RoutePlanner.cpp,required addition,Selected semantics incorporated with localized integration; retain superset behavior outside this change.,804221a6d8f52912e098b7f3059c7c9bb72f3089,ca4d1068b24bdd29dc1028f5bbabcc1096fd7818,0282ee12e6c1fdbaa0633f52124ef1b56deb746d
consolidation,5c9fb41ea4fa07c1bc4470141f874f34177dec83,src/model/internal/ModelPack.h,required addition,Selected semantics incorporated with localized integration; retain superset behavior outside this change.,cc2834940a8ada971fad7f049575665ec91249cb,27467d3fa80f5b84e46ccca41810ff3095656f28,34c521160aa28668949b77c7d281210d03b6036d
consolidation,5c9fb41ea4fa07c1bc4470141f874f34177dec83,src/pipeline/internal/DmabufEligibility.h,required addition,Selected reference content incorporated without a branch merge.,80667b16b4b17dfe3c227783bcd5bd7f0b8dbcee,4013bfa60d42c2cbf6c6052c502908f29fc8c7f5,4013bfa60d42c2cbf6c6052c502908f29fc8c7f5
consolidation,5c9fb41ea4fa07c1bc4470141f874f34177dec83,tests/unit_testing/unit_dmabuf_eligibility_test.cpp,required addition,Selected semantics incorporated with localized integration; retain superset behavior outside this change.,c267fde13b12b4c6adb2834dd516df2f9a9a357a,c975a62e0631457e00cd059e357c51c6a94ae120,c8af91a41a80d43d1f88e7c62d5e9d869821a455
consolidation,5c9fb41ea4fa07c1bc4470141f874f34177dec83,tests/unit_testing/unit_model_metadata_test.cpp,required addition,Selected semantics incorporated with localized integration; retain superset behavior outside this change.,fc5be5828df9a592856c8594cc39e81a016036cd,9d78871b71aa6b798a3473303cd8f71e65f06390,08e1054ed1a40acf93cf8ad4f96678a37f952732
consolidation,5c9fb41ea4fa07c1bc4470141f874f34177dec83,tests/unit_testing/unit_modelpack_multi_mla_plan_test.cpp,required addition,Selected semantics incorporated with localized integration; retain superset behavior outside this change.,43deece7914faca29ecd6658f52ecea9c8fa69e5,8bcfb4a9b4c140f1d906473051246786ccf29293,c0bb1253783522bc34a566e8ac2fa037e063f968
direct-no-selector,02ae0ddee3fef799ab9011d66d1db4a5aab9ec31,.github/workflows/vulcan-ci.yml,superseded,"Retain superset physical planning, typed model contracts and lifecycle; do not restore old selectors or duplicate LegacyAfeMpkDecoder.",51e196a9f7d83b6a57fc4583d96dd7fd910c1b22,5e711ecdd8339ab0aac4c7f8382c35951edc73ff,51e196a9f7d83b6a57fc4583d96dd7fd910c1b22
direct-no-selector,02ae0ddee3fef799ab9011d66d1db4a5aab9ec31,.gitignore,superseded,"Retain superset physical planning, typed model contracts and lifecycle; do not restore old selectors or duplicate LegacyAfeMpkDecoder.",8a868fccaf6cd3fea7ca64848c05e15ed26fec17,b0c9b63b3d515d800ff5b458bbdc245750626d70,8a868fccaf6cd3fea7ca64848c05e15ed26fec17
direct-no-selector,02ae0ddee3fef799ab9011d66d1db4a5aab9ec31,CMakeLists.txt,superseded,"Retain superset physical planning, typed model contracts and lifecycle; do not restore old selectors or duplicate LegacyAfeMpkDecoder.",8b6ade5562323d20b8890ba71311b7a52508f9c9,8da7bf3303691fb539954c528f7e0c9f370a7355,8b6ade5562323d20b8890ba71311b7a52508f9c9
direct-no-selector,02ae0ddee3fef799ab9011d66d1db4a5aab9ec31,build.sh,superseded,"Retain superset physical planning, typed model contracts and lifecycle; do not restore old selectors or duplicate LegacyAfeMpkDecoder.",d2644938480d8166e70477e07c91334bc496a6a5,208e1d1d1755ae5f529ad7622518c68b503a3185,d2644938480d8166e70477e07c91334bc496a6a5
direct-no-selector,02ae0ddee3fef799ab9011d66d1db4a5aab9ec31,cmake/SimaNeatConfig.cmake.in,superseded,"Retain superset physical planning, typed model contracts and lifecycle; do not restore old selectors or duplicate LegacyAfeMpkDecoder.",2f16513944c32a37f7720317533fcefdb564ed12,5e190e48ff5f8b68d4c279ff06771e7bd7e1e0fd,2f16513944c32a37f7720317533fcefdb564ed12
direct-no-selector,02ae0ddee3fef799ab9011d66d1db4a5aab9ec31,deps/manifest.json,superseded,"Retain superset physical planning, typed model contracts and lifecycle; do not restore old selectors or duplicate LegacyAfeMpkDecoder.",f2667222d431c59d25aa1c48cac9f31a3ed444e3,1582d62b76b591ae8caec6b6278382ab929657cc,f2667222d431c59d25aa1c48cac9f31a3ed444e3
direct-no-selector,02ae0ddee3fef799ab9011d66d1db4a5aab9ec31,docs/develop-apps/advanced-concepts/application-design/mipi-camera-input.md,superseded,"Keep consolidated documentation/tooling; older workflow is comparison evidence, not a runtime dependency.",3e0485dd992611feba1d8e22ce0e54a7fc1a4541,ec1bdd9c9c390f3656d52531310aed598e9e9bdc,3e0485dd992611feba1d8e22ce0e54a7fc1a4541
direct-no-selector,02ae0ddee3fef799ab9011d66d1db4a5aab9ec31,docs/develop-apps/advanced-concepts/data-model-contracts/memory_model.md,superseded,"Keep consolidated documentation/tooling; older workflow is comparison evidence, not a runtime dependency.",39893e3275fd9ee075c341c6d5bc675bea258a0d,e906002a63fe06fba0a97d9c1364409f26b79ce4,39893e3275fd9ee075c341c6d5bc675bea258a0d
direct-no-selector,02ae0ddee3fef799ab9011d66d1db4a5aab9ec31,docs/develop-apps/contribute/start-here/architecture.md,required addition,Selected semantics incorporated with localized integration; retain superset behavior outside this change.,75c68ca897abb95af7ae659487ec914bd620f491,de2d8b1327dd82c63a0e92ba5e3936d02a7c8a15,f92ecf8347c5de8c7cd20d400856ac714872e54b
direct-no-selector,02ae0ddee3fef799ab9011d66d1db4a5aab9ec31,docs/develop-apps/development-workflow/core_types.mdx,superseded,"Keep consolidated documentation/tooling; older workflow is comparison evidence, not a runtime dependency.",7ed04316856462a16c1b1af4e5afa002824d1138,3c89b9f8834e07571f29715da102f1ca980b281e,7ed04316856462a16c1b1af4e5afa002824d1138
direct-no-selector,02ae0ddee3fef799ab9011d66d1db4a5aab9ec31,docs/develop-apps/development-workflow/index.md,superseded,"Keep consolidated documentation/tooling; older workflow is comparison evidence, not a runtime dependency.",a0fe36933be8addfb6e26e6dafa5c0ee2e253e80,17f984868bbe2cd3f6ce8a469ee9ba9fb3562c78,a0fe36933be8addfb6e26e6dafa5c0ee2e253e80
direct-no-selector,02ae0ddee3fef799ab9011d66d1db4a5aab9ec31,docs/develop-apps/development-workflow/node.mdx,superseded,"Keep consolidated documentation/tooling; older workflow is comparison evidence, not a runtime dependency.",c771ba8d0f6ddc2a1d508c7e30f3d4baee388592,7c197e9ff7ff16d4138e7de506b62238d83bd33d,c771ba8d0f6ddc2a1d508c7e30f3d4baee388592
direct-no-selector,02ae0ddee3fef799ab9011d66d1db4a5aab9ec31,docs/develop-apps/development-workflow/overview.mdx,superseded,"Keep consolidated documentation/tooling; older workflow is comparison evidence, not a runtime dependency.",fe7c68809d97d8ed1d02b9f2ac23ca74d6446b4c,ad1588780b04bd75382e5155954c51f256221970,fe7c68809d97d8ed1d02b9f2ac23ca74d6446b4c
direct-no-selector,02ae0ddee3fef799ab9011d66d1db4a5aab9ec31,docs/develop-apps/development-workflow/pcie-model.mdx,superseded,"Keep consolidated documentation/tooling; older workflow is comparison evidence, not a runtime dependency.",a0a90219c6d27cce0ade6e8d106640d785eed1ba,,a0a90219c6d27cce0ade6e8d106640d785eed1ba
direct-no-selector,02ae0ddee3fef799ab9011d66d1db4a5aab9ec31,docs/develop-apps/hello-neat/pcie.md,superseded,"Keep consolidated documentation/tooling; older workflow is comparison evidence, not a runtime dependency.",e0653f8c48fa8d916ce5251e7b82ed640ade39ca,,e0653f8c48fa8d916ce5251e7b82ed640ade39ca
direct-no-selector,02ae0ddee3fef799ab9011d66d1db4a5aab9ec31,docs/develop-apps/index.md,superseded,"Keep consolidated documentation/tooling; older workflow is comparison evidence, not a runtime dependency.",4e0118dae23f7c2ed25bd06ef7970ae5524c58c9,e8097f0955e99d25406ab4a7ba3065a9d196d756,4e0118dae23f7c2ed25bd06ef7970ae5524c58c9
direct-no-selector,02ae0ddee3fef799ab9011d66d1db4a5aab9ec31,docs/develop-apps/tutorials/advanced/_category_.json,superseded,"Keep consolidated documentation/tooling; older workflow is comparison evidence, not a runtime dependency.",,e190f9f051c4c213228e1351cc238b3a67e36252,
direct-no-selector,02ae0ddee3fef799ab9011d66d1db4a5aab9ec31,docs/develop-apps/tutorials/before-you-run.md,superseded,"Keep consolidated documentation/tooling; older workflow is comparison evidence, not a runtime dependency.",09a3795e43873328da097565c08d8c267db64ae8,d6b04ca1ca461b401bffa22a9176c56a0e856d6d,09a3795e43873328da097565c08d8c267db64ae8
direct-no-selector,02ae0ddee3fef799ab9011d66d1db4a5aab9ec31,docs/develop-apps/tutorials/beginner/_category_.json,superseded,"Keep consolidated documentation/tooling; older workflow is comparison evidence, not a runtime dependency.",,07f3996d219582d2f8707e96cd7e61400485b1f8,
direct-no-selector,02ae0ddee3fef799ab9011d66d1db4a5aab9ec31,docs/develop-apps/tutorials/cameras-streaming/_category_.json,superseded,"Keep consolidated documentation/tooling; older workflow is comparison evidence, not a runtime dependency.",7db2bbbf63e98694ae77299d3d8edf8879342c20,,7db2bbbf63e98694ae77299d3d8edf8879342c20
direct-no-selector,02ae0ddee3fef799ab9011d66d1db4a5aab9ec31,docs/develop-apps/tutorials/genai/_category_.json,superseded,"Keep consolidated documentation/tooling; older workflow is comparison evidence, not a runtime dependency.",1aa1bac636af87d5c1316ff044dfac3fc415b577,,1aa1bac636af87d5c1316ff044dfac3fc415b577
direct-no-selector,02ae0ddee3fef799ab9011d66d1db4a5aab9ec31,docs/develop-apps/tutorials/heading.mm,superseded,"Keep consolidated documentation/tooling; older workflow is comparison evidence, not a runtime dependency.",1960822d5f1a6b30765b453a793b81124a4d6756,96f34eb215176ce7418892bd9d624f97d9c467ca,1960822d5f1a6b30765b453a793b81124a4d6756
direct-no-selector,02ae0ddee3fef799ab9011d66d1db4a5aab9ec31,docs/develop-apps/tutorials/intermediate/_category_.json,superseded,"Keep consolidated documentation/tooling; older workflow is comparison evidence, not a runtime dependency.",,ca0141f9d80f903c53a6356922de6b15eb6f6254,
direct-no-selector,02ae0ddee3fef799ab9011d66d1db4a5aab9ec31,docs/develop-apps/tutorials/pcie/_category_.json,superseded,"Keep consolidated documentation/tooling; older workflow is comparison evidence, not a runtime dependency.",e57cfb9a12ddcfba90d967bdecd812076baaf3ea,,e57cfb9a12ddcfba90d967bdecd812076baaf3ea
direct-no-selector,02ae0ddee3fef799ab9011d66d1db4a5aab9ec31,docs/getting-started/neat-library/index.md,superseded,"Keep consolidated documentation/tooling; older workflow is comparison evidence, not a runtime dependency.",e2de5faf532522a28b8551b8888bd6b15b5d832f,a49fa98867aadb5e1991960297c7b1e55a49c8ca,e2de5faf532522a28b8551b8888bd6b15b5d832f
direct-no-selector,02ae0ddee3fef799ab9011d66d1db4a5aab9ec31,docs/getting-started/neat-library/install-or-update.mdx,superseded,"Keep consolidated documentation/tooling; older workflow is comparison evidence, not a runtime dependency.",85c3a4036e0b4a80138b7b5b573bf083b2998ede,edecfa383e4ddea427b757401064168d8c9830d4,85c3a4036e0b4a80138b7b5b573bf083b2998ede
direct-no-selector,02ae0ddee3fef799ab9011d66d1db4a5aab9ec31,docs/getting-started/neat-library/neat-cli.md,superseded,"Keep consolidated documentation/tooling; older workflow is comparison evidence, not a runtime dependency.",8d115ca043ea2ea8634a3e8905e524fd68343153,2249894311d6724fdddf10a5b9601bc5343fdfaa,8d115ca043ea2ea8634a3e8905e524fd68343153
direct-no-selector,02ae0ddee3fef799ab9011d66d1db4a5aab9ec31,docs/getting-started/neat-library/pcie-host.mdx,superseded,"Keep consolidated documentation/tooling; older workflow is comparison evidence, not a runtime dependency.",34ac0243bb360e969def531d0210fa8f527cb192,,34ac0243bb360e969def531d0210fa8f527cb192
direct-no-selector,02ae0ddee3fef799ab9011d66d1db4a5aab9ec31,docs/getting-started/neat-library/pyneat.md,superseded,"Keep consolidated documentation/tooling; older workflow is comparison evidence, not a runtime dependency.",5b55b1fcf8ba52cae52de9eb9c0935eb0da4c56b,ad1278e22e1c684f98792b6f773811c1c921669a,5b55b1fcf8ba52cae52de9eb9c0935eb0da4c56b
direct-no-selector,02ae0ddee3fef799ab9011d66d1db4a5aab9ec31,docs/images/hello-neat-graph-add-animation.svg,superseded,"Keep consolidated documentation/tooling; older workflow is comparison evidence, not a runtime dependency.",b76d580b3207fcf0048884cd6ef37ebbb1a9de8f,1376f37b0ddbe8400ba88f09978d40ce043af9b2,b76d580b3207fcf0048884cd6ef37ebbb1a9de8f
direct-no-selector,02ae0ddee3fef799ab9011d66d1db4a5aab9ec31,docs/images/hello-neat-pcie-coprocessing-flow.svg,superseded,"Keep consolidated documentation/tooling; older workflow is comparison evidence, not a runtime dependency.",e08f3299057fbae7cdb3343e7c2a18be4ded371a,,e08f3299057fbae7cdb3343e7c2a18be4ded371a
direct-no-selector,02ae0ddee3fef799ab9011d66d1db4a5aab9ec31,docs/images/hello-neat-pcie-labrador.jpg,superseded,"Keep consolidated documentation/tooling; older workflow is comparison evidence, not a runtime dependency.",c1487ff578ef63d2d074aa42d6831311342687bc,,c1487ff578ef63d2d074aa42d6831311342687bc
direct-no-selector,02ae0ddee3fef799ab9011d66d1db4a5aab9ec31,docs/images/hello-neat-yolov8-flow.svg,superseded,"Keep consolidated documentation/tooling; older workflow is comparison evidence, not a runtime dependency.",f92d944af6ff89a0adc681ac8a3bd59a3b689641,f87ad16a5a1f9c74e2eff6940f680ac33e1cbff3,f92d944af6ff89a0adc681ac8a3bd59a3b689641
direct-no-selector,02ae0ddee3fef799ab9011d66d1db4a5aab9ec31,docs/reference/nodes/camera-input.mdx,superseded,"Keep consolidated documentation/tooling; older workflow is comparison evidence, not a runtime dependency.",f98f6d7c5f1da69951ed89ae0b59792c17de72e9,858864198b51c9bf133c9793dabd8d1691650ede,f98f6d7c5f1da69951ed89ae0b59792c17de72e9
direct-no-selector,02ae0ddee3fef799ab9011d66d1db4a5aab9ec31,docs/reference/troubleshooting.md,superseded,"Keep consolidated documentation/tooling; older workflow is comparison evidence, not a runtime dependency.",c11bfc7ad9b3c7e7edf97268407a94b4c278201e,548a13de006652637668b41d808d2f39560ed0d0,c11bfc7ad9b3c7e7edf97268407a94b4c278201e
direct-no-selector,02ae0ddee3fef799ab9011d66d1db4a5aab9ec31,include/graph/nodes/PipelineNode.h,unrelated,Preserve existing PCIe/camera/multi-output functionality; older deletions are outside driver consolidation.,4ef354fcb4482aa2e74c550ed91fb22879aa05e3,f4b58a25d278b23e42d241fcd7bbdba57db1d762,4ef354fcb4482aa2e74c550ed91fb22879aa05e3
direct-no-selector,02ae0ddee3fef799ab9011d66d1db4a5aab9ec31,include/gst/SimaPluginStaticManifestAbi.h,required addition,Selected semantics incorporated with localized integration; retain superset behavior outside this change.,57a791d26ae63bf8f228b202e3b41a6b742a0bcc,ef67f8013fd4f37262bdb1ecec1b6324cf6549a4,8d8f3944bbcff988cd038337fd2f881f00841e8c
direct-no-selector,02ae0ddee3fef799ab9011d66d1db4a5aab9ec31,include/nodes/groups/VideoSender.h,unrelated,Older raw-H265 public API additions and software-encoder changes are excluded; current APIs retained.,5f20da26ac755a4e13cd47b806f40bd509d8da19,fd627ed425e004cb28ea9499f086e300ae348dfa,5f20da26ac755a4e13cd47b806f40bd509d8da19
direct-no-selector,02ae0ddee3fef799ab9011d66d1db4a5aab9ec31,include/nodes/io/CameraInput.h,superseded,"Retain superset physical planning, typed model contracts and lifecycle; do not restore old selectors or duplicate LegacyAfeMpkDecoder.",64e5bc7ee227ec5aebe489c2bd0ea6d35964bf1b,9cc2a56ae0ddfe43bdf563f9301c37b3f30cad5c,64e5bc7ee227ec5aebe489c2bd0ea6d35964bf1b
direct-no-selector,02ae0ddee3fef799ab9011d66d1db4a5aab9ec31,include/nodes/sima/H264EncodeSima.h,unrelated,Older raw-H265 public API additions and software-encoder changes are excluded; current APIs retained.,3b68682e58f3ea9c004e05c59711478f096f3bbd,587a98e35e4b2e18aad17be96f48de278c4f2fc3,3b68682e58f3ea9c004e05c59711478f096f3bbd
direct-no-selector,02ae0ddee3fef799ab9011d66d1db4a5aab9ec31,include/nodes/sima/PCIeSink.h,unrelated,Preserve existing PCIe/camera/multi-output functionality; older deletions are outside driver consolidation.,10804c88fd565392205dbe19f6adb579b0054d10,9095c3c7e1c86a0430939139b74162b41cd55138,10804c88fd565392205dbe19f6adb579b0054d10
direct-no-selector,02ae0ddee3fef799ab9011d66d1db4a5aab9ec31,include/nodes/sima/PCIeSrc.h,unrelated,Preserve existing PCIe/camera/multi-output functionality; older deletions are outside driver consolidation.,10fa83eabac25ebf98f192f038deb9407c20df9e,e0984212cd243ca8949246b80f1280c6955cf4a4,10fa83eabac25ebf98f192f038deb9407c20df9e
direct-no-selector,02ae0ddee3fef799ab9011d66d1db4a5aab9ec31,include/pipeline/Graph.h,superseded,"Retain superset physical planning, typed model contracts and lifecycle; do not restore old selectors or duplicate LegacyAfeMpkDecoder.",e1610ad384468d972602b4055c4d2249cd0da50f,1cea246c0de678b3935ad3fb97d075344382659e,e1610ad384468d972602b4055c4d2249cd0da50f
direct-no-selector,02ae0ddee3fef799ab9011d66d1db4a5aab9ec31,include/pipeline/GraphOptions.h,superseded,"Retain superset physical planning, typed model contracts and lifecycle; do not restore old selectors or duplicate LegacyAfeMpkDecoder.",cdcb8b2af1ffcc25dadcf8523c301c281174b85b,99ac63c2b13316fd26e13f196f3f59ed56a0c22c,cdcb8b2af1ffcc25dadcf8523c301c281174b85b
direct-no-selector,02ae0ddee3fef799ab9011d66d1db4a5aab9ec31,pcie_host/CMakeLists.txt,unrelated,Preserve existing PCIe/camera/multi-output functionality; older deletions are outside driver consolidation.,f35c2192c8551c8b29846372e86446d1519c4216,,f35c2192c8551c8b29846372e86446d1519c4216
direct-no-selector,02ae0ddee3fef799ab9011d66d1db4a5aab9ec31,pcie_host/README.md,unrelated,Preserve existing PCIe/camera/multi-output functionality; older deletions are outside driver consolidation.,db422fe55e5d1d565532629b9a601ff84e3f54ca,,db422fe55e5d1d565532629b9a601ff84e3f54ca
direct-no-selector,02ae0ddee3fef799ab9011d66d1db4a5aab9ec31,pcie_host/build.sh,unrelated,Preserve existing PCIe/camera/multi-output functionality; older deletions are outside driver consolidation.,ef4be01f4785a321086c0e91e293ae7341497ec2,,ef4be01f4785a321086c0e91e293ae7341497ec2
direct-no-selector,02ae0ddee3fef799ab9011d66d1db4a5aab9ec31,pcie_host/cmake/SimaPCIeHostConfig.cmake.in,unrelated,Preserve existing PCIe/camera/multi-output functionality; older deletions are outside driver consolidation.,4d0f85ae3b08920c3c5b6348685522971a9e2f6b,,4d0f85ae3b08920c3c5b6348685522971a9e2f6b
direct-no-selector,02ae0ddee3fef799ab9011d66d1db4a5aab9ec31,pcie_host/examples/CMakeLists.txt,unrelated,Preserve existing PCIe/camera/multi-output functionality; older deletions are outside driver consolidation.,7eeaf544839f410b7aa15961a2491e02a15bdabf,,7eeaf544839f410b7aa15961a2491e02a15bdabf
direct-no-selector,02ae0ddee3fef799ab9011d66d1db4a5aab9ec31,pcie_host/examples/tensor_fast_paths.cpp,unrelated,Preserve existing PCIe/camera/multi-output functionality; older deletions are outside driver consolidation.,2c48d559266be5a188d2730f710e19224031c93d,,2c48d559266be5a188d2730f710e19224031c93d
direct-no-selector,02ae0ddee3fef799ab9011d66d1db4a5aab9ec31,pcie_host/examples/tensor_slow_path.cpp,unrelated,Preserve existing PCIe/camera/multi-output functionality; older deletions are outside driver consolidation.,1e384cb25fd14ed427a96ee2058e4a9dd94331d0,,1e384cb25fd14ed427a96ee2058e4a9dd94331d0
direct-no-selector,02ae0ddee3fef799ab9011d66d1db4a5aab9ec31,pcie_host/include/simaai/neat/pcie/Model.h,unrelated,Preserve existing PCIe/camera/multi-output functionality; older deletions are outside driver consolidation.,aeb07f8f97bd98168afea67bd0c3c8e300e14fd5,,aeb07f8f97bd98168afea67bd0c3c8e300e14fd5
direct-no-selector,02ae0ddee3fef799ab9011d66d1db4a5aab9ec31,pcie_host/include/simaai/neat/pcie/Runtime.h,unrelated,Preserve existing PCIe/camera/multi-output functionality; older deletions are outside driver consolidation.,e720b70e3ef9f3b0206b0c800782ee0de3eac68e,,e720b70e3ef9f3b0206b0c800782ee0de3eac68e
direct-no-selector,02ae0ddee3fef799ab9011d66d1db4a5aab9ec31,pcie_host/python/CMakeLists.txt,unrelated,Preserve existing PCIe/camera/multi-output functionality; older deletions are outside driver consolidation.,03c961b19891d9c76324a61c9ba4961d9acf9273,,03c961b19891d9c76324a61c9ba4961d9acf9273
direct-no-selector,02ae0ddee3fef799ab9011d66d1db4a5aab9ec31,pcie_host/python/build_wheel.py,unrelated,Preserve existing PCIe/camera/multi-output functionality; older deletions are outside driver consolidation.,ee60022106ac90c037394ddcafcbacb5c136f70c,,ee60022106ac90c037394ddcafcbacb5c136f70c
direct-no-selector,02ae0ddee3fef799ab9011d66d1db4a5aab9ec31,pcie_host/python/pyneatpcie/__init__.py,unrelated,Preserve existing PCIe/camera/multi-output functionality; older deletions are outside driver consolidation.,e33ecf5713a426e8bf6d59f5bdbdccbbd04f26c1,,e33ecf5713a426e8bf6d59f5bdbdccbbd04f26c1
direct-no-selector,02ae0ddee3fef799ab9011d66d1db4a5aab9ec31,pcie_host/python/pyneatpcie/py.typed,unrelated,Preserve existing PCIe/camera/multi-output functionality; older deletions are outside driver consolidation.,8b137891791fe96927ad78e64b0aad7bded08bdc,,8b137891791fe96927ad78e64b0aad7bded08bdc
direct-no-selector,02ae0ddee3fef799ab9011d66d1db4a5aab9ec31,pcie_host/python/src/module.cpp,unrelated,Preserve existing PCIe/camera/multi-output functionality; older deletions are outside driver consolidation.,f687d4cf0dfa7113f7ea6114afdaa17aee8cad60,,f687d4cf0dfa7113f7ea6114afdaa17aee8cad60
direct-no-selector,02ae0ddee3fef799ab9011d66d1db4a5aab9ec31,pcie_host/python/tests/test_api_surface.py,unrelated,Preserve existing PCIe/camera/multi-output functionality; older deletions are outside driver consolidation.,11b68355d160e3cc798bd644e64e02f9578565a7,,11b68355d160e3cc798bd644e64e02f9578565a7
direct-no-selector,02ae0ddee3fef799ab9011d66d1db4a5aab9ec31,pcie_host/python/tests/test_hardware_smoke.py,unrelated,Preserve existing PCIe/camera/multi-output functionality; older deletions are outside driver consolidation.,488e8bb374f62dfa11ce4a2b0a90aac8048a8356,,488e8bb374f62dfa11ce4a2b0a90aac8048a8356
direct-no-selector,02ae0ddee3fef799ab9011d66d1db4a5aab9ec31,pcie_host/python/tests/test_metadata.py,unrelated,Preserve existing PCIe/camera/multi-output functionality; older deletions are outside driver consolidation.,df52135e010059fa851ae90411edf2815e58ffeb,,df52135e010059fa851ae90411edf2815e58ffeb
direct-no-selector,02ae0ddee3fef799ab9011d66d1db4a5aab9ec31,pcie_host/python/tests/test_wheel_metadata.py,unrelated,Preserve existing PCIe/camera/multi-output functionality; older deletions are outside driver consolidation.,6e75be1cb4dc82cb4f02c6102e3713c5328946c8,,6e75be1cb4dc82cb4f02c6102e3713c5328946c8
direct-no-selector,02ae0ddee3fef799ab9011d66d1db4a5aab9ec31,pcie_host/scripts/host-platform.sh,unrelated,Preserve existing PCIe/camera/multi-output functionality; older deletions are outside driver consolidation.,83346168ebb7ce18f1104aa1a52de15c26d61a9a,,83346168ebb7ce18f1104aa1a52de15c26d61a9a
direct-no-selector,02ae0ddee3fef799ab9011d66d1db4a5aab9ec31,pcie_host/scripts/install_pciehost.sh,unrelated,Preserve existing PCIe/camera/multi-output functionality; older deletions are outside driver consolidation.,2a018d8597dfb3b4c79dc1db0c85a64f63f7286a,,2a018d8597dfb3b4c79dc1db0c85a64f63f7286a
direct-no-selector,02ae0ddee3fef799ab9011d66d1db4a5aab9ec31,pcie_host/scripts/pcie-setup.sh,unrelated,Preserve existing PCIe/camera/multi-output functionality; older deletions are outside driver consolidation.,ec05262b7db50676b24d65a5bf5ac41fbc1eea17,,ec05262b7db50676b24d65a5bf5ac41fbc1eea17
direct-no-selector,02ae0ddee3fef799ab9011d66d1db4a5aab9ec31,pcie_host/scripts/resolve_hardware_test_assets.sh,unrelated,Preserve existing PCIe/camera/multi-output functionality; older deletions are outside driver consolidation.,861e2d655a04ed09bae0eea43e5d1a7fd681520a,,861e2d655a04ed09bae0eea43e5d1a7fd681520a
direct-no-selector,02ae0ddee3fef799ab9011d66d1db4a5aab9ec31,pcie_host/src/HostPcieChannel.cpp,unrelated,Preserve existing PCIe/camera/multi-output functionality; older deletions are outside driver consolidation.,3cedff5eb66cf869fc97dc96186aceb316035bd0,,3cedff5eb66cf869fc97dc96186aceb316035bd0
direct-no-selector,02ae0ddee3fef799ab9011d66d1db4a5aab9ec31,pcie_host/src/HostPcieChannel.h,unrelated,Preserve existing PCIe/camera/multi-output functionality; older deletions are outside driver consolidation.,3e8893e73c6d1442fcf4e8f2ea44dfc2277252ba,,3e8893e73c6d1442fcf4e8f2ea44dfc2277252ba
direct-no-selector,02ae0ddee3fef799ab9011d66d1db4a5aab9ec31,pcie_host/src/HostPcieTensorPayload.cpp,unrelated,Preserve existing PCIe/camera/multi-output functionality; older deletions are outside driver consolidation.,725e36249d0c2af1de039002d9d718601bd868fd,,725e36249d0c2af1de039002d9d718601bd868fd
direct-no-selector,02ae0ddee3fef799ab9011d66d1db4a5aab9ec31,pcie_host/src/HostPcieTensorPayload.h,unrelated,Preserve existing PCIe/camera/multi-output functionality; older deletions are outside driver consolidation.,9980ce40279d5348ae814989c6879bf1ee1bd468,,9980ce40279d5348ae814989c6879bf1ee1bd468
direct-no-selector,02ae0ddee3fef799ab9011d66d1db4a5aab9ec31,pcie_host/src/HostPcieTensorSetMeta.cpp,unrelated,Preserve existing PCIe/camera/multi-output functionality; older deletions are outside driver consolidation.,6a20fa73454624015b67cb8a265a98a3e8ec7505,,6a20fa73454624015b67cb8a265a98a3e8ec7505
direct-no-selector,02ae0ddee3fef799ab9011d66d1db4a5aab9ec31,pcie_host/src/HostPcieTensorSetMeta.h,unrelated,Preserve existing PCIe/camera/multi-output functionality; older deletions are outside driver consolidation.,c90450171592c77a389b0a4790bd2d985ca22887,,c90450171592c77a389b0a4790bd2d985ca22887
direct-no-selector,02ae0ddee3fef799ab9011d66d1db4a5aab9ec31,pcie_host/src/Model.cpp,unrelated,Preserve existing PCIe/camera/multi-output functionality; older deletions are outside driver consolidation.,7de637a9ec7162ffd9eb639ea44d8dd342ed7044,,7de637a9ec7162ffd9eb639ea44d8dd342ed7044
direct-no-selector,02ae0ddee3fef799ab9011d66d1db4a5aab9ec31,pcie_host/src/ModelOptionsJsonWriter.cpp,unrelated,Preserve existing PCIe/camera/multi-output functionality; older deletions are outside driver consolidation.,06d0edf27b56490fd060b9a36a3073352da6dc25,,06d0edf27b56490fd060b9a36a3073352da6dc25
direct-no-selector,02ae0ddee3fef799ab9011d66d1db4a5aab9ec31,pcie_host/src/ModelOptionsJsonWriter.h,unrelated,Preserve existing PCIe/camera/multi-output functionality; older deletions are outside driver consolidation.,69d6987cc5154b8401e85fff6f37ac3fe5d4651e,,69d6987cc5154b8401e85fff6f37ac3fe5d4651e
direct-no-selector,02ae0ddee3fef799ab9011d66d1db4a5aab9ec31,pcie_host/src/PcieModelFactsReader.cpp,unrelated,Preserve existing PCIe/camera/multi-output functionality; older deletions are outside driver consolidation.,163fd28c8c2ac0edc8f5e218e6a987523e45c40e,,163fd28c8c2ac0edc8f5e218e6a987523e45c40e
direct-no-selector,02ae0ddee3fef799ab9011d66d1db4a5aab9ec31,pcie_host/src/PcieModelFactsReader.h,unrelated,Preserve existing PCIe/camera/multi-output functionality; older deletions are outside driver consolidation.,6424b96361d1f9ec34a9ec0f3657487a68cb5809,,6424b96361d1f9ec34a9ec0f3657487a68cb5809
direct-no-selector,02ae0ddee3fef799ab9011d66d1db4a5aab9ec31,pcie_host/src/PcieModelFactsReaderInternal.h,unrelated,Preserve existing PCIe/camera/multi-output functionality; older deletions are outside driver consolidation.,69d900806f855a0500a7ecb364af67404053acc2,,69d900806f855a0500a7ecb364af67404053acc2
direct-no-selector,02ae0ddee3fef799ab9011d66d1db4a5aab9ec31,pcie_host/src/RemoteRuntime.cpp,unrelated,Preserve existing PCIe/camera/multi-output functionality; older deletions are outside driver consolidation.,b8108b2ac77673b89eb6b653a4cb3cf4f3d49ec0,,b8108b2ac77673b89eb6b653a4cb3cf4f3d49ec0
direct-no-selector,02ae0ddee3fef799ab9011d66d1db4a5aab9ec31,pcie_host/src/RemoteRuntime.h,unrelated,Preserve existing PCIe/camera/multi-output functionality; older deletions are outside driver consolidation.,d815e852f8521e7ca991874ed32a8557c55f1b72,,d815e852f8521e7ca991874ed32a8557c55f1b72
direct-no-selector,02ae0ddee3fef799ab9011d66d1db4a5aab9ec31,pcie_host/src/Runtime.cpp,unrelated,Preserve existing PCIe/camera/multi-output functionality; older deletions are outside driver consolidation.,c75246e3a8dd8ed7e479b646d11f2ad346fc87db,,c75246e3a8dd8ed7e479b646d11f2ad346fc87db
direct-no-selector,02ae0ddee3fef799ab9011d66d1db4a5aab9ec31,pcie_host/src/RuntimeModelAccess.h,unrelated,Preserve existing PCIe/camera/multi-output functionality; older deletions are outside driver consolidation.,cc3becf9eb1dd077721c88478fc8fc37e0036231,,cc3becf9eb1dd077721c88478fc8fc37e0036231
direct-no-selector,02ae0ddee3fef799ab9011d66d1db4a5aab9ec31,pcie_host/src/SshRunner.cpp,unrelated,Preserve existing PCIe/camera/multi-output functionality; older deletions are outside driver consolidation.,6611ce3b01afbf466a7ee1b609bc73e524a2dd30,,6611ce3b01afbf466a7ee1b609bc73e524a2dd30
direct-no-selector,02ae0ddee3fef799ab9011d66d1db4a5aab9ec31,pcie_host/src/SshRunner.h,unrelated,Preserve existing PCIe/camera/multi-output functionality; older deletions are outside driver consolidation.,ef5ff581e6c8e300f3d21b1a74fa7ca4605578b6,,ef5ff581e6c8e300f3d21b1a74fa7ca4605578b6
direct-no-selector,02ae0ddee3fef799ab9011d66d1db4a5aab9ec31,pcie_host/tests/hardware/AsyncTestRunner.h,unrelated,Preserve existing PCIe/camera/multi-output functionality; older deletions are outside driver consolidation.,1908d0bc290304c17414c4bb185c40d03b7182f3,,1908d0bc290304c17414c4bb185c40d03b7182f3
direct-no-selector,02ae0ddee3fef799ab9011d66d1db4a5aab9ec31,pcie_host/tests/hardware/CMakeLists.txt,unrelated,Preserve existing PCIe/camera/multi-output functionality; older deletions are outside driver consolidation.,19e7598485d881ff70f35637fd01f3bc5b0e4647,,19e7598485d881ff70f35637fd01f3bc5b0e4647
direct-no-selector,02ae0ddee3fef799ab9011d66d1db4a5aab9ec31,pcie_host/tests/hardware/CTestTestfile.cmake.in,unrelated,Preserve existing PCIe/camera/multi-output functionality; older deletions are outside driver consolidation.,0ded97be30456e41a3b30fe5928ae2607c428ff0,,0ded97be30456e41a3b30fe5928ae2607c428ff0
direct-no-selector,02ae0ddee3fef799ab9011d66d1db4a5aab9ec31,pcie_host/tests/hardware/SignalCloseGuard.h,unrelated,Preserve existing PCIe/camera/multi-output functionality; older deletions are outside driver consolidation.,bb93369e64aac7bbf96f79c6eab1f7812cbdbfff,,bb93369e64aac7bbf96f79c6eab1f7812cbdbfff
direct-no-selector,02ae0ddee3fef799ab9011d66d1db4a5aab9ec31,pcie_host/tests/hardware/test_image_boxdecode_run.cpp,unrelated,Preserve existing PCIe/camera/multi-output functionality; older deletions are outside driver consolidation.,a157b29514eb52938bd1193ef1a8f3198855d931,,a157b29514eb52938bd1193ef1a8f3198855d931
direct-no-selector,02ae0ddee3fef799ab9011d66d1db4a5aab9ec31,pcie_host/tests/hardware/test_image_run.cpp,unrelated,Preserve existing PCIe/camera/multi-output functionality; older deletions are outside driver consolidation.,f0ae897c88fb56988e125642b4f60886c2d845e2,,f0ae897c88fb56988e125642b4f60886c2d845e2
direct-no-selector,02ae0ddee3fef799ab9011d66d1db4a5aab9ec31,pcie_host/tests/hardware/test_metadata.cpp,unrelated,Preserve existing PCIe/camera/multi-output functionality; older deletions are outside driver consolidation.,2633b9df2ab07dc698253761a0e6bac3a2d15700,,2633b9df2ab07dc698253761a0e6bac3a2d15700
direct-no-selector,02ae0ddee3fef799ab9011d66d1db4a5aab9ec31,pcie_host/tests/hardware/test_model_resilience.cpp,unrelated,Preserve existing PCIe/camera/multi-output functionality; older deletions are outside driver consolidation.,2821b2a4886c6c899db28c4368eddaa3d5297771,,2821b2a4886c6c899db28c4368eddaa3d5297771
direct-no-selector,02ae0ddee3fef799ab9011d66d1db4a5aab9ec31,pcie_host/tests/hardware/test_queue_blocker.cpp,unrelated,Preserve existing PCIe/camera/multi-output functionality; older deletions are outside driver consolidation.,b7ad0114db1481c971b0cc1716feddf143429daa,,b7ad0114db1481c971b0cc1716feddf143429daa
direct-no-selector,02ae0ddee3fef799ab9011d66d1db4a5aab9ec31,pcie_host/tests/hardware/test_tensor_parallel_queues.sh,unrelated,Preserve existing PCIe/camera/multi-output functionality; older deletions are outside driver consolidation.,a0ada746d6d0bd87be150ce41951fd125c3bf8f4,,a0ada746d6d0bd87be150ce41951fd125c3bf8f4
direct-no-selector,02ae0ddee3fef799ab9011d66d1db4a5aab9ec31,pcie_host/tests/hardware/test_tensor_perf.cpp,unrelated,Preserve existing PCIe/camera/multi-output functionality; older deletions are outside driver consolidation.,acaa4d3c83df2568eac60507b6e5995de314a7f2,,acaa4d3c83df2568eac60507b6e5995de314a7f2
direct-no-selector,02ae0ddee3fef799ab9011d66d1db4a5aab9ec31,pcie_host/tests/hardware/test_tensor_run.cpp,unrelated,Preserve existing PCIe/camera/multi-output functionality; older deletions are outside driver consolidation.,d0af6b3029d9fa3ab22cf7072aaf2bb63ec679ee,,d0af6b3029d9fa3ab22cf7072aaf2bb63ec679ee
direct-no-selector,02ae0ddee3fef799ab9011d66d1db4a5aab9ec31,pcie_host/tests/package_smoke/CMakeLists.txt,unrelated,Preserve existing PCIe/camera/multi-output functionality; older deletions are outside driver consolidation.,ca9fa6e18a4ea8ed8e1d02126e58cb8c85511c73,,ca9fa6e18a4ea8ed8e1d02126e58cb8c85511c73
direct-no-selector,02ae0ddee3fef799ab9011d66d1db4a5aab9ec31,pcie_host/tests/package_smoke/main.cpp,unrelated,Preserve existing PCIe/camera/multi-output functionality; older deletions are outside driver consolidation.,d81c0a12d58a6490db5fdc7cbc7bc2e5d18f2766,,d81c0a12d58a6490db5fdc7cbc7bc2e5d18f2766
direct-no-selector,02ae0ddee3fef799ab9011d66d1db4a5aab9ec31,pcie_host/tests/unit_pcie_host_async_test_runner_test.cpp,unrelated,Preserve existing PCIe/camera/multi-output functionality; older deletions are outside driver consolidation.,e5879ef4c0e4a40965ccd7371865ffdeee7c8f6c,,e5879ef4c0e4a40965ccd7371865ffdeee7c8f6c
direct-no-selector,02ae0ddee3fef799ab9011d66d1db4a5aab9ec31,pcie_host/tests/unit_pcie_host_caps_test.cpp,unrelated,Preserve existing PCIe/camera/multi-output functionality; older deletions are outside driver consolidation.,231ae777d313709dc75a9a288af3545f8263551b,,231ae777d313709dc75a9a288af3545f8263551b
direct-no-selector,02ae0ddee3fef799ab9011d66d1db4a5aab9ec31,pcie_host/tests/unit_pcie_host_lifecycle_test.cpp,unrelated,Preserve existing PCIe/camera/multi-output functionality; older deletions are outside driver consolidation.,29a3244f0739b3c6035c481f03bd912b6ef4d89d,,29a3244f0739b3c6035c481f03bd912b6ef4d89d
direct-no-selector,02ae0ddee3fef799ab9011d66d1db4a5aab9ec31,pcie_host/tests/unit_pcie_host_model_facts_test.cpp,unrelated,Preserve existing PCIe/camera/multi-output functionality; older deletions are outside driver consolidation.,87ee049e52737bda13a03b18b58673bb608e3435,,87ee049e52737bda13a03b18b58673bb608e3435
direct-no-selector,02ae0ddee3fef799ab9011d66d1db4a5aab9ec31,pcie_host/tests/unit_pcie_host_options_test.cpp,unrelated,Preserve existing PCIe/camera/multi-output functionality; older deletions are outside driver consolidation.,fca73359858c878cbd416b0252b09bd2944186bf,,fca73359858c878cbd416b0252b09bd2944186bf
direct-no-selector,02ae0ddee3fef799ab9011d66d1db4a5aab9ec31,pcie_host/tests/unit_pcie_host_runtime_test.cpp,unrelated,Preserve existing PCIe/camera/multi-output functionality; older deletions are outside driver consolidation.,5501cfce903f5f6de74a745d9d65d56ec5a7af96,,5501cfce903f5f6de74a745d9d65d56ec5a7af96
direct-no-selector,02ae0ddee3fef799ab9011d66d1db4a5aab9ec31,pcie_host/tests/unit_pcie_host_ssh_runner_test.cpp,unrelated,Preserve existing PCIe/camera/multi-output functionality; older deletions are outside driver consolidation.,c27540ae55c78b31c577a1a5778c2a4fa9aae0dd,,c27540ae55c78b31c577a1a5778c2a4fa9aae0dd
direct-no-selector,02ae0ddee3fef799ab9011d66d1db4a5aab9ec31,pcie_host/tests/unit_pcie_host_tensor_test.cpp,unrelated,Preserve existing PCIe/camera/multi-output functionality; older deletions are outside driver consolidation.,b1760b13434a1d2bd920accd20f08deed340530e,,b1760b13434a1d2bd920accd20f08deed340530e
direct-no-selector,02ae0ddee3fef799ab9011d66d1db4a5aab9ec31,pcie_host/tutorials/024_run_your_first_model_over_pcie/README.md,unrelated,Preserve existing PCIe/camera/multi-output functionality; older deletions are outside driver consolidation.,0224263190a4e474309eceed2738710b58890bc6,,0224263190a4e474309eceed2738710b58890bc6
direct-no-selector,02ae0ddee3fef799ab9011d66d1db4a5aab9ec31,pcie_host/tutorials/024_run_your_first_model_over_pcie/run_image_boxdecode.cpp,unrelated,Preserve existing PCIe/camera/multi-output functionality; older deletions are outside driver consolidation.,16f925684c43b083f00c9bf703ede1e7eeb4da13,,16f925684c43b083f00c9bf703ede1e7eeb4da13
direct-no-selector,02ae0ddee3fef799ab9011d66d1db4a5aab9ec31,pcie_host/tutorials/024_run_your_first_model_over_pcie/run_image_boxdecode.py,unrelated,Preserve existing PCIe/camera/multi-output functionality; older deletions are outside driver consolidation.,17ec16da0e8cb3920770039d5c23af37b19b28ba,,17ec16da0e8cb3920770039d5c23af37b19b28ba
direct-no-selector,02ae0ddee3fef799ab9011d66d1db4a5aab9ec31,pcie_host/tutorials/024_run_your_first_model_over_pcie/run_image_mode.cpp,unrelated,Preserve existing PCIe/camera/multi-output functionality; older deletions are outside driver consolidation.,a1c3abb32934c8672b149fa3136f4f92a7eaec4a,,a1c3abb32934c8672b149fa3136f4f92a7eaec4a
direct-no-selector,02ae0ddee3fef799ab9011d66d1db4a5aab9ec31,pcie_host/tutorials/024_run_your_first_model_over_pcie/run_image_mode.py,unrelated,Preserve existing PCIe/camera/multi-output functionality; older deletions are outside driver consolidation.,dd71d1e8d6b36509124ccfc9e070e4dc3175b312,,dd71d1e8d6b36509124ccfc9e070e4dc3175b312
direct-no-selector,02ae0ddee3fef799ab9011d66d1db4a5aab9ec31,pcie_host/tutorials/024_run_your_first_model_over_pcie/run_tensor_mode.cpp,unrelated,Preserve existing PCIe/camera/multi-output functionality; older deletions are outside driver consolidation.,c62f9fce4b6820579e801399120b7ae94f5bf33a,,c62f9fce4b6820579e801399120b7ae94f5bf33a
direct-no-selector,02ae0ddee3fef799ab9011d66d1db4a5aab9ec31,pcie_host/tutorials/024_run_your_first_model_over_pcie/run_tensor_mode.py,unrelated,Preserve existing PCIe/camera/multi-output functionality; older deletions are outside driver consolidation.,13804e0ac64151e267cd95e0e89a16b3ea50c0ac,,13804e0ac64151e267cd95e0e89a16b3ea50c0ac
direct-no-selector,02ae0ddee3fef799ab9011d66d1db4a5aab9ec31,pcie_host/tutorials/025_run_pcie_inference_async/README.md,unrelated,Preserve existing PCIe/camera/multi-output functionality; older deletions are outside driver consolidation.,cd6205c2ab39e280351e68d5efd6dfbaf0dd10d8,,cd6205c2ab39e280351e68d5efd6dfbaf0dd10d8
direct-no-selector,02ae0ddee3fef799ab9011d66d1db4a5aab9ec31,pcie_host/tutorials/025_run_pcie_inference_async/run_pcie_inference_async.cpp,unrelated,Preserve existing PCIe/camera/multi-output functionality; older deletions are outside driver consolidation.,3ba9df71a2e717ff849711a130a47f201033d8f8,,3ba9df71a2e717ff849711a130a47f201033d8f8
direct-no-selector,02ae0ddee3fef799ab9011d66d1db4a5aab9ec31,pcie_host/tutorials/025_run_pcie_inference_async/run_pcie_inference_async.py,unrelated,Preserve existing PCIe/camera/multi-output functionality; older deletions are outside driver consolidation.,bd7446e42db29236a41c3618634292948b8bffa6,,bd7446e42db29236a41c3618634292948b8bffa6
direct-no-selector,02ae0ddee3fef799ab9011d66d1db4a5aab9ec31,pcie_host/tutorials/026_run_multiple_models/README.md,unrelated,Preserve existing PCIe/camera/multi-output functionality; older deletions are outside driver consolidation.,0bddcee4d049d3c3ba517b305a081aa582b87df1,,0bddcee4d049d3c3ba517b305a081aa582b87df1
direct-no-selector,02ae0ddee3fef799ab9011d66d1db4a5aab9ec31,pcie_host/tutorials/026_run_multiple_models/run_multiple_models.cpp,unrelated,Preserve existing PCIe/camera/multi-output functionality; older deletions are outside driver consolidation.,8def3520fe6800037e16309ec0ebbae9b6c3457c,,8def3520fe6800037e16309ec0ebbae9b6c3457c
direct-no-selector,02ae0ddee3fef799ab9011d66d1db4a5aab9ec31,pcie_host/tutorials/026_run_multiple_models/run_multiple_models.py,unrelated,Preserve existing PCIe/camera/multi-output functionality; older deletions are outside driver consolidation.,3b405bdd9834ec81a615dc31ea303e9e333348e7,,3b405bdd9834ec81a615dc31ea303e9e333348e7
direct-no-selector,02ae0ddee3fef799ab9011d66d1db4a5aab9ec31,pcie_host/tutorials/CMakeLists.txt,unrelated,Preserve existing PCIe/camera/multi-output functionality; older deletions are outside driver consolidation.,334b47aa20f887580cb4692bf05ce8050394f17e,,334b47aa20f887580cb4692bf05ce8050394f17e
direct-no-selector,02ae0ddee3fef799ab9011d66d1db4a5aab9ec31,pcie_host/tutorials/README.md,unrelated,Preserve existing PCIe/camera/multi-output functionality; older deletions are outside driver consolidation.,c4710b829b89f2856b037f33ed0e7711f2162eae,,c4710b829b89f2856b037f33ed0e7711f2162eae
direct-no-selector,02ae0ddee3fef799ab9011d66d1db4a5aab9ec31,pcie_host/tutorials/assets/README.md,unrelated,Preserve existing PCIe/camera/multi-output functionality; older deletions are outside driver consolidation.,b10502fdbd29d807eb53bcf82707b4992b313d51,,b10502fdbd29d807eb53bcf82707b4992b313d51
direct-no-selector,02ae0ddee3fef799ab9011d66d1db4a5aab9ec31,pcie_host/tutorials/assets/labrador.jpg,unrelated,Preserve existing PCIe/camera/multi-output functionality; older deletions are outside driver consolidation.,c1487ff578ef63d2d074aa42d6831311342687bc,,c1487ff578ef63d2d074aa42d6831311342687bc
direct-no-selector,02ae0ddee3fef799ab9011d66d1db4a5aab9ec31,pcie_host/tutorials/assets/street-scene.png,unrelated,Preserve existing PCIe/camera/multi-output functionality; older deletions are outside driver consolidation.,a1bc4fa91175a7ccc5a458a4c6da599796f6ee31,,a1bc4fa91175a7ccc5a458a4c6da599796f6ee31
direct-no-selector,02ae0ddee3fef799ab9011d66d1db4a5aab9ec31,pcie_host/tutorials/build.sh,unrelated,Preserve existing PCIe/camera/multi-output functionality; older deletions are outside driver consolidation.,484fb98ff8e2c46c6021430ea9e5448a27151b30,,484fb98ff8e2c46c6021430ea9e5448a27151b30
direct-no-selector,02ae0ddee3fef799ab9011d66d1db4a5aab9ec31,python/src/module.cpp,superseded,"Retain superset physical planning, typed model contracts and lifecycle; do not restore old selectors or duplicate LegacyAfeMpkDecoder.",45996e1fe89b084d0a2400ad3cc27cc0eba9679f,3a245875e046f4624c6bb20b698192d96d1b894f,45996e1fe89b084d0a2400ad3cc27cc0eba9679f
direct-no-selector,02ae0ddee3fef799ab9011d66d1db4a5aab9ec31,python/tests/test_api_surface.py,superseded,"Retain superset physical planning, typed model contracts and lifecycle; do not restore old selectors or duplicate LegacyAfeMpkDecoder.",9558ee5f812a2a4f3cf0c7496a4a75848406a676,4d948ba97e388627972d82796d64b49673243ebf,9558ee5f812a2a4f3cf0c7496a4a75848406a676
direct-no-selector,02ae0ddee3fef799ab9011d66d1db4a5aab9ec31,python/tests/test_pass_completion.py,superseded,"Retain superset physical planning, typed model contracts and lifecycle; do not restore old selectors or duplicate LegacyAfeMpkDecoder.",d78c36f6e2a875dace24208552a74010a0ee9be9,13b3da6c6cf5518a60c435842e0488b9bc9ee289,d78c36f6e2a875dace24208552a74010a0ee9be9
direct-no-selector,02ae0ddee3fef799ab9011d66d1db4a5aab9ec31,python/tests/test_phase4_nodes.py,superseded,"Retain superset physical planning, typed model contracts and lifecycle; do not restore old selectors or duplicate LegacyAfeMpkDecoder.",b9dad8183d6ea6a5ec0f902413bb8720887869d6,433d5994bf47cbf18a1e845ed75e3896b107161c,b9dad8183d6ea6a5ec0f902413bb8720887869d6
direct-no-selector,02ae0ddee3fef799ab9011d66d1db4a5aab9ec31,scripts/ci/pciehost/cleanup_queue.sh,superseded,"Keep consolidated documentation/tooling; older workflow is comparison evidence, not a runtime dependency.",533267af88876dd503cca5de284fdeedb816fb51,,533267af88876dd503cca5de284fdeedb816fb51
direct-no-selector,02ae0ddee3fef799ab9011d66d1db4a5aab9ec31,scripts/ci/pciehost/collect_artifacts.sh,superseded,"Keep consolidated documentation/tooling; older workflow is comparison evidence, not a runtime dependency.",1b17114b03600cb65d32d4e312862d757151d0ac,,1b17114b03600cb65d32d4e312862d757151d0ac
direct-no-selector,02ae0ddee3fef799ab9011d66d1db4a5aab9ec31,scripts/ci/pciehost/common.sh,superseded,"Keep consolidated documentation/tooling; older workflow is comparison evidence, not a runtime dependency.",c9589d1323837463d3285b3ff7c973f8341965b5,,c9589d1323837463d3285b3ff7c973f8341965b5
direct-no-selector,02ae0ddee3fef799ab9011d66d1db4a5aab9ec31,scripts/ci/pciehost/extract_extras.sh,superseded,"Keep consolidated documentation/tooling; older workflow is comparison evidence, not a runtime dependency.",7abd930d35bddc96ef9712d2042b7610c4b5afd0,,7abd930d35bddc96ef9712d2042b7610c4b5afd0
direct-no-selector,02ae0ddee3fef799ab9011d66d1db4a5aab9ec31,scripts/ci/pciehost/install_card_runtime.sh,superseded,"Keep consolidated documentation/tooling; older workflow is comparison evidence, not a runtime dependency.",7729f4a17d0f7dcdab39e697cf217b488baf3382,,7729f4a17d0f7dcdab39e697cf217b488baf3382
direct-no-selector,02ae0ddee3fef799ab9011d66d1db4a5aab9ec31,scripts/ci/pciehost/install_host_package.sh,superseded,"Keep consolidated documentation/tooling; older workflow is comparison evidence, not a runtime dependency.",aaabf8f1b8e78720a0e52b2b027ecdc5a154d9eb,,aaabf8f1b8e78720a0e52b2b027ecdc5a154d9eb
direct-no-selector,02ae0ddee3fef799ab9011d66d1db4a5aab9ec31,scripts/ci/pciehost/install_host_test_deps.sh,superseded,"Keep consolidated documentation/tooling; older workflow is comparison evidence, not a runtime dependency.",319f4521cf188bced32e678020bae0eab7e4784c,,319f4521cf188bced32e678020bae0eab7e4784c
direct-no-selector,02ae0ddee3fef799ab9011d66d1db4a5aab9ec31,scripts/ci/pciehost/preflight.sh,superseded,"Keep consolidated documentation/tooling; older workflow is comparison evidence, not a runtime dependency.",0477bd0f7a5c6cc448bc19cb91ec5da3a159ca9a,,0477bd0f7a5c6cc448bc19cb91ec5da3a159ca9a
direct-no-selector,02ae0ddee3fef799ab9011d66d1db4a5aab9ec31,scripts/ci/pciehost/resolve_assets.sh,superseded,"Keep consolidated documentation/tooling; older workflow is comparison evidence, not a runtime dependency.",8213a11c6f238ca0027eb8649244e09444bae3a4,,8213a11c6f238ca0027eb8649244e09444bae3a4
direct-no-selector,02ae0ddee3fef799ab9011d66d1db4a5aab9ec31,scripts/ci/pciehost/run_ctest.sh,superseded,"Keep consolidated documentation/tooling; older workflow is comparison evidence, not a runtime dependency.",0a29ed5ae2b38bc6e1bed8412a9bae3778d75d59,,0a29ed5ae2b38bc6e1bed8412a9bae3778d75d59
direct-no-selector,02ae0ddee3fef799ab9011d66d1db4a5aab9ec31,scripts/ci/pciehost/run_pytest.sh,superseded,"Keep consolidated documentation/tooling; older workflow is comparison evidence, not a runtime dependency.",8c1979abcc087ad938306f20ac6838b068686621,,8c1979abcc087ad938306f20ac6838b068686621
direct-no-selector,02ae0ddee3fef799ab9011d66d1db4a5aab9ec31,scripts/ci/pciehost/verify_card_runtime.sh,superseded,"Keep consolidated documentation/tooling; older workflow is comparison evidence, not a runtime dependency.",b7a675b859b92347ea54b4ab828e361d2e238995,,b7a675b859b92347ea54b4ab828e361d2e238995
direct-no-selector,02ae0ddee3fef799ab9011d66d1db4a5aab9ec31,scripts/ci/run_evo_a65_dmabuf_hil.sh,required addition,Selected reference content incorporated without a branch merge.,5350d099aa662b63cfa59398fef20ecf47155ec4,96db107b975818a62dda65db62f221b4b9e793a5,96db107b975818a62dda65db62f221b4b9e793a5
direct-no-selector,02ae0ddee3fef799ab9011d66d1db4a5aab9ec31,src/graph/Compiler.cpp,unrelated,Preserve existing PCIe/camera/multi-output functionality; older deletions are outside driver consolidation.,8599d66bc30078399207a02bb200aaeb9c6ec4b5,2bf5ce894048ebbcf113efb8d4ed9019a73d1b11,8599d66bc30078399207a02bb200aaeb9c6ec4b5
direct-no-selector,02ae0ddee3fef799ab9011d66d1db4a5aab9ec31,src/gst/NeatCameraMemoryBridge.cpp,unrelated,Preserve existing PCIe/camera/multi-output functionality; older deletions are outside driver consolidation.,1782aa8e9e9f32b35f1d27d01c358e3d7bf2c837,a35f829713e668456061a2ef0c52462e48a89f18,1782aa8e9e9f32b35f1d27d01c358e3d7bf2c837
direct-no-selector,02ae0ddee3fef799ab9011d66d1db4a5aab9ec31,src/model/Model.cpp,required addition,Selected semantics incorporated with localized integration; retain superset behavior outside this change.,32a786b5076398d1a6b7afb2a89718691524d329,25138ce5b796978d381c78fcbb1780bc7fda36a3,d31e2e408a57b6ff89d68336f5201ffb990bc13a
direct-no-selector,02ae0ddee3fef799ab9011d66d1db4a5aab9ec31,src/model/ModelPack.cpp,required addition,Selected semantics incorporated with localized integration; retain superset behavior outside this change.,ee71f6f10e0076ad030d1d0a7dcd45a3368fbc50,76846b258e233e654d611d7616bd8eeccad56194,00f57d636c902a74cfa07e64982540fee40d50b8
direct-no-selector,02ae0ddee3fef799ab9011d66d1db4a5aab9ec31,src/model/RoutePlanner.cpp,required addition,Selected reference content incorporated without a branch merge.,804221a6d8f52912e098b7f3059c7c9bb72f3089,0282ee12e6c1fdbaa0633f52124ef1b56deb746d,0282ee12e6c1fdbaa0633f52124ef1b56deb746d
direct-no-selector,02ae0ddee3fef799ab9011d66d1db4a5aab9ec31,src/model/internal/InputPlanner.h,required addition,Selected reference content incorporated without a branch merge.,cf0c2c5ef792d34b0b13dc464c7001f8665c9434,1143487f22c09c60d65ce07050c628fbf9934139,1143487f22c09c60d65ce07050c628fbf9934139
direct-no-selector,02ae0ddee3fef799ab9011d66d1db4a5aab9ec31,src/model/internal/ModelPack.h,required addition,Selected semantics incorporated with localized integration; retain superset behavior outside this change.,cc2834940a8ada971fad7f049575665ec91249cb,4428d8187043db5565db23ee12623b3b1661050b,34c521160aa28668949b77c7d281210d03b6036d
direct-no-selector,02ae0ddee3fef799ab9011d66d1db4a5aab9ec31,src/model/internal/RoutePlanner.h,required addition,Selected semantics incorporated with localized integration; retain superset behavior outside this change.,637627a3bdfbf96033f91fbac992e798c642873f,7d1414be471ea67983ceac0a7f7b8f19e9fb2ec8,4766da96e04045d7aacbd2fa9082c2456053c308
direct-no-selector,02ae0ddee3fef799ab9011d66d1db4a5aab9ec31,src/nodes/groups/VideoSender.cpp,unrelated,Older raw-H265 public API additions and software-encoder changes are excluded; current APIs retained.,bdaae28a1a15e0a8df87a32cadfbc7eadb64645f,dc49a209dd9f116e1472d856eedb526b253630fc,bdaae28a1a15e0a8df87a32cadfbc7eadb64645f
direct-no-selector,02ae0ddee3fef799ab9011d66d1db4a5aab9ec31,src/nodes/groups/VideoSenderRawIngress.cpp,required addition,Selected semantics incorporated with localized integration; retain superset behavior outside this change.,6fc53a88e48a5914454964fcfb5978eea156004d,78e1478e73fce1d8a458cb19044a05d109121336,1023f3698dfaed41e54a4e7b617ee9f155a19f34
direct-no-selector,02ae0ddee3fef799ab9011d66d1db4a5aab9ec31,src/nodes/groups/internal/VideoSenderRawIngress.h,required addition,Selected reference content incorporated without a branch merge.,b4c663989999116ea7940e40509105feb2181324,63a0f95ab3ea3a259230c103ecc03ffda742987d,63a0f95ab3ea3a259230c103ecc03ffda742987d
direct-no-selector,02ae0ddee3fef799ab9011d66d1db4a5aab9ec31,src/nodes/io/CameraInput.cpp,unrelated,Preserve existing PCIe/camera/multi-output functionality; older deletions are outside driver consolidation.,942dcdca782e24b6067968a4194c9bf7ebea2c82,55ea3dbee97d0ec120b0339944027001b5550e65,942dcdca782e24b6067968a4194c9bf7ebea2c82
direct-no-selector,02ae0ddee3fef799ab9011d66d1db4a5aab9ec31,src/nodes/sima/H264EncodeSima.cpp,unrelated,Older raw-H265 public API additions and software-encoder changes are excluded; current APIs retained.,f39e002cc5612cbc027e5c6d56f14c2813f15311,e4c8521049c3dae779ee765cd98d40249b22c624,f39e002cc5612cbc027e5c6d56f14c2813f15311
direct-no-selector,02ae0ddee3fef799ab9011d66d1db4a5aab9ec31,src/nodes/sima/PCIeSink.cpp,unrelated,Preserve existing PCIe/camera/multi-output functionality; older deletions are outside driver consolidation.,5c4c078ff0a8be54d15032c8296cefe482520d2f,cbc85c671781a30bbac6174a698357f517a1916c,5c4c078ff0a8be54d15032c8296cefe482520d2f
direct-no-selector,02ae0ddee3fef799ab9011d66d1db4a5aab9ec31,src/nodes/sima/PCIeSrc.cpp,unrelated,Preserve existing PCIe/camera/multi-output functionality; older deletions are outside driver consolidation.,80bfa0bfc540cebd2b705621b052c64e40411580,e15ab2115de91455f33af6a399de963f5e6b0034,80bfa0bfc540cebd2b705621b052c64e40411580
direct-no-selector,02ae0ddee3fef799ab9011d66d1db4a5aab9ec31,src/pipeline/graph/Graph.cpp,superseded,"Retain superset physical planning, typed model contracts and lifecycle; do not restore old selectors or duplicate LegacyAfeMpkDecoder.",a859ce59c4245a589a5d3e2ce811bfc9ede072a7,88a9ff0f341c65e57648bfff3bbe410e40c34ad7,a859ce59c4245a589a5d3e2ce811bfc9ede072a7
direct-no-selector,02ae0ddee3fef799ab9011d66d1db4a5aab9ec31,src/pipeline/graph/GraphBuildInput.cpp,required addition,Selected semantics incorporated with localized integration; retain superset behavior outside this change.,f1ad374792a92eeaa730aea613b253303c222dd1,efd1aee290b77bbc209c8db679e5d38f029bb99d,4c5d9d9e540a45e315653106b3e663b0ce1e56e3
direct-no-selector,02ae0ddee3fef799ab9011d66d1db4a5aab9ec31,src/pipeline/graph/GraphBuildSource.cpp,superseded,"Retain superset physical planning, typed model contracts and lifecycle; do not restore old selectors or duplicate LegacyAfeMpkDecoder.",727f9a4a8b74c42b0522cc2d67d4f509f59cac6c,543b1f9f214d6cb590dae4939f77454307a86329,727f9a4a8b74c42b0522cc2d67d4f509f59cac6c
direct-no-selector,02ae0ddee3fef799ab9011d66d1db4a5aab9ec31,src/pipeline/graph/GraphComposition.cpp,superseded,"Retain superset physical planning, typed model contracts and lifecycle; do not restore old selectors or duplicate LegacyAfeMpkDecoder.",d45940829a9ae03a9ed7e6287cd2cb4780d77581,de390cdc7b528cbbf8d503b6e1e79a45b617ff31,d45940829a9ae03a9ed7e6287cd2cb4780d77581
direct-no-selector,02ae0ddee3fef799ab9011d66d1db4a5aab9ec31,src/pipeline/gst/InputStream.cpp,required addition,Selected semantics incorporated with localized integration; retain superset behavior outside this change.,e5acb0ed7d5758df26579222e3148d24c438076c,e1d695136f0a0b50ac9583f5f2b802eebf13c06e,3416fea7f2c856cce7f08f884361be13be6e68ef
direct-no-selector,02ae0ddee3fef799ab9011d66d1db4a5aab9ec31,src/pipeline/gst/InputStreamPush.cpp,required addition,Selected reference content incorporated without a branch merge.,17d0375d437321e135201ff1f21be77605ebf306,03a20204be7611d5f0064d6d5264db3a9a6cf8a1,03a20204be7611d5f0064d6d5264db3a9a6cf8a1
direct-no-selector,02ae0ddee3fef799ab9011d66d1db4a5aab9ec31,src/pipeline/gst/InputStreamUtil.cpp,required addition,Selected semantics incorporated with localized integration; retain superset behavior outside this change.,87befb70e9f7670a419d1fd7f7bfe36dd6f293ef,ae2dca5638f5e3f4ceee9f02a99cdbd38cc7c787,4e1523ef92f112c607536a81e2cc1ecdaea2880e
direct-no-selector,02ae0ddee3fef799ab9011d66d1db4a5aab9ec31,src/pipeline/internal/DecoderAdmissionClient.cpp,required addition,Selected semantics incorporated with localized integration; retain superset behavior outside this change.,8dfc23bbe04a091b30c7330e6833a742afa4c193,,827268fe8f5e1556baa69684b072a91db30623e2
direct-no-selector,02ae0ddee3fef799ab9011d66d1db4a5aab9ec31,src/pipeline/internal/DecoderAdmissionClient.h,required addition,Selected semantics incorporated with localized integration; retain superset behavior outside this change.,79b7bbae062a8f79be16ca27c74d46bdd4da4300,,0921861f2ba315c81bbbf69e2117c265c47c219a
direct-no-selector,02ae0ddee3fef799ab9011d66d1db4a5aab9ec31,src/pipeline/internal/DmabufEligibility.h,required addition,Selected reference content incorporated without a branch merge.,80667b16b4b17dfe3c227783bcd5bd7f0b8dbcee,4013bfa60d42c2cbf6c6052c502908f29fc8c7f5,4013bfa60d42c2cbf6c6052c502908f29fc8c7f5
direct-no-selector,02ae0ddee3fef799ab9011d66d1db4a5aab9ec31,src/pipeline/internal/InputStream.h,required addition,Selected reference content incorporated without a branch merge.,ca7d28b820fbf177ce644a1445df797819f8a8f1,9b26f16151766de6f82063ed5e49433dfc8fba8b,9b26f16151766de6f82063ed5e49433dfc8fba8b
direct-no-selector,02ae0ddee3fef799ab9011d66d1db4a5aab9ec31,src/pipeline/internal/InputStreamUtil.h,required addition,Selected semantics incorporated with localized integration; retain superset behavior outside this change.,218538538eb4795678ea43446cc310dac838b55a,1e42f78bd6a3192f19a024c5fa8ee40dc3615dc9,50ae2cb9814d6faebc2df25b4934d2a00a0a46dc
direct-no-selector,02ae0ddee3fef799ab9011d66d1db4a5aab9ec31,src/pipeline/internal/MemoryBackendPolicy.cpp,required addition,Selected reference content incorporated without a branch merge.,3b9d802e116f6b9e05f2feeefac33251b2fa2471,,
direct-no-selector,02ae0ddee3fef799ab9011d66d1db4a5aab9ec31,src/pipeline/internal/MemoryBackendPolicy.h,required addition,Selected reference content incorporated without a branch merge.,0d01e26c5e2e204a01b408fad2314b31387256d8,,
direct-no-selector,02ae0ddee3fef799ab9011d66d1db4a5aab9ec31,src/pipeline/internal/SampleUtil.h,required addition,Selected semantics incorporated with localized integration; retain superset behavior outside this change.,2811aaa9bcac2343577dfd283d036ba77974f933,b80a38020f4d2a1f0f109d3360ded01a651c0f86,75b96d231780a28da36cdd08a3d58c8aaaca5f2c
direct-no-selector,02ae0ddee3fef799ab9011d66d1db4a5aab9ec31,src/pipeline/internal/SimaaiGstCompat.h,superseded,"Retain superset physical planning, typed model contracts and lifecycle; do not restore old selectors or duplicate LegacyAfeMpkDecoder.",475987b6edb9a8d36636db4df8d5813cf2ba75f0,1939dcf122466697694497942afa938b7022ffd3,475987b6edb9a8d36636db4df8d5813cf2ba75f0
direct-no-selector,02ae0ddee3fef799ab9011d66d1db4a5aab9ec31,src/pipeline/internal/TensorBufferEnvelope.h,required addition,Selected semantics incorporated with localized integration; retain superset behavior outside this change.,6b6fea1de49d097fec0880ff90aaafec7f0fd5a9,43b5a62c27ec255bcd9d74c9cc1d2df537d7c519,cd66c950e25e24ec650fe4b09eeaa9ceccfce5e4
direct-no-selector,02ae0ddee3fef799ab9011d66d1db4a5aab9ec31,src/pipeline/internal/TensorTransfer.h,required addition,Selected reference content incorporated without a branch merge.,3a473073a61a2f0184a7f990e7ae14155f40482d,85338b62157cda7119ba3e8c2dfe4bacb201c94c,85338b62157cda7119ba3e8c2dfe4bacb201c94c
direct-no-selector,02ae0ddee3fef799ab9011d66d1db4a5aab9ec31,src/pipeline/internal/sima/static_contract/AfeMpkV2Decoder.cpp,required addition,Selected reference content incorporated without a branch merge.,105b3ef160e02de916b36c6528c6ff98eb51bf36,f5bc89af290e9ac31ba440772db6bf41f4af9cfa,f5bc89af290e9ac31ba440772db6bf41f4af9cfa
direct-no-selector,02ae0ddee3fef799ab9011d66d1db4a5aab9ec31,src/pipeline/runtime/DecoderAdmission.cpp,required addition,Selected semantics incorporated with localized integration; retain superset behavior outside this change.,f0b451347a609bf42c63ce438c1f21d4ff56fe78,,646dfa00bf99401554c8c26a93043bd8fdc89f36
direct-no-selector,02ae0ddee3fef799ab9011d66d1db4a5aab9ec31,src/pipeline/runtime/DecoderAdmission.h,superseded,"Retain superset physical planning, typed model contracts and lifecycle; do not restore old selectors or duplicate LegacyAfeMpkDecoder.",fcfca51e80e4249791cf7c1788ef2104fc6b2ee2,,fcfca51e80e4249791cf7c1788ef2104fc6b2ee2
direct-no-selector,02ae0ddee3fef799ab9011d66d1db4a5aab9ec31,src/pipeline/runtime/ExecutionGraphCompiler.cpp,superseded,"Retain superset physical planning, typed model contracts and lifecycle; do not restore old selectors or duplicate LegacyAfeMpkDecoder.",de978e4bf1ee2a6496bfa5d37d2c334fa9d32418,fdd043544bd634bae19a83e58413d2fcc471d10b,de978e4bf1ee2a6496bfa5d37d2c334fa9d32418
direct-no-selector,02ae0ddee3fef799ab9011d66d1db4a5aab9ec31,src/pipeline/runtime/ExecutionGraphPlan.h,superseded,"Retain superset physical planning, typed model contracts and lifecycle; do not restore old selectors or duplicate LegacyAfeMpkDecoder.",279b9d0da2b41b256d4e4eec19922a6e82b688d2,c319361e4cd233b080aef2944da8e4093544cff8,279b9d0da2b41b256d4e4eec19922a6e82b688d2
direct-no-selector,02ae0ddee3fef799ab9011d66d1db4a5aab9ec31,src/pipeline/runtime/Run.cpp,superseded,"Retain superset physical planning, typed model contracts and lifecycle; do not restore old selectors or duplicate LegacyAfeMpkDecoder.",5c75f0be399ce1c93d16c52ea4b66a19985c86c7,5e085b2036f470d28ae6e4edf1bdd722a7ad0eb5,5c75f0be399ce1c93d16c52ea4b66a19985c86c7
direct-no-selector,02ae0ddee3fef799ab9011d66d1db4a5aab9ec31,src/pipeline/runtime/RunCore.cpp,superseded,"Retain superset physical planning, typed model contracts and lifecycle; do not restore old selectors or duplicate LegacyAfeMpkDecoder.",356a6af31e0791922e62d663ef7315f4ac1eb2b5,ff7610894039f19f861bffbbe70a452b3a5ec5c4,356a6af31e0791922e62d663ef7315f4ac1eb2b5
direct-no-selector,02ae0ddee3fef799ab9011d66d1db4a5aab9ec31,src/pipeline/runtime/RunCore.h,superseded,"Retain superset physical planning, typed model contracts and lifecycle; do not restore old selectors or duplicate LegacyAfeMpkDecoder.",b252982d5887b75d8cfe75952705e57a542472ed,59e6ce03207ae328171bb49e3a0ac8ec97cb690d,b252982d5887b75d8cfe75952705e57a542472ed
direct-no-selector,02ae0ddee3fef799ab9011d66d1db4a5aab9ec31,src/pipeline/runtime/RunCoreGraphStart.cpp,superseded,"Retain superset physical planning, typed model contracts and lifecycle; do not restore old selectors or duplicate LegacyAfeMpkDecoder.",4315f7b4d77e233b27c787751360d28b92797c32,533aec177e6200cb048a8b76d22288ea11d43710,4315f7b4d77e233b27c787751360d28b92797c32
direct-no-selector,02ae0ddee3fef799ab9011d66d1db4a5aab9ec31,src/pipeline/runtime/RunCoreGraphStop.cpp,superseded,"Retain superset physical planning, typed model contracts and lifecycle; do not restore old selectors or duplicate LegacyAfeMpkDecoder.",5f8102807998ca9184d72a0c4bb62490185d3b81,7e974958e6f33ca77d3728620779b0aa1aae6ed2,5f8102807998ca9184d72a0c4bb62490185d3b81
direct-no-selector,02ae0ddee3fef799ab9011d66d1db4a5aab9ec31,src/pipeline/runtime/RunLifecycle.cpp,superseded,"Retain superset physical planning, typed model contracts and lifecycle; do not restore old selectors or duplicate LegacyAfeMpkDecoder.",3d8310fe9d8206321fbed3a364e13430fbcb34e5,1141f473da59d6c9ea3aa0bd0edd419e06e3979e,3d8310fe9d8206321fbed3a364e13430fbcb34e5
direct-no-selector,02ae0ddee3fef799ab9011d66d1db4a5aab9ec31,src/pipeline/runtime/StageRun.cpp,required addition,Selected reference content incorporated without a branch merge.,67049e0841238335e91f255f694f04b423796594,568d1cad6db8ad0d5489f3263c527f5937433257,568d1cad6db8ad0d5489f3263c527f5937433257
direct-no-selector,02ae0ddee3fef799ab9011d66d1db4a5aab9ec31,src/pipeline/sample/SampleUtil.cpp,required addition,Selected semantics incorporated with localized integration; retain superset behavior outside this change.,1228debee62fd2fe7a7d1167946517e431d540d8,9aa5429fb78b330ef81ce9b0cc97ae32ce18fc93,d079d6702244ad14ba750a7a453cb3b26bef6734
direct-no-selector,02ae0ddee3fef799ab9011d66d1db4a5aab9ec31,src/pipeline/tensor/TensorCore.cpp,required addition,Selected semantics incorporated with localized integration; retain superset behavior outside this change.,a00b76787ac38b101e42308c4940f39916029af4,011055216c0ef5c06665822f3fa0583fce52d5af,1fbc8757321f9c2131b2b4c99e3bb05af41f93a3
direct-no-selector,02ae0ddee3fef799ab9011d66d1db4a5aab9ec31,src/pipeline/tensor/TensorOpenCV.cpp,required addition,Selected semantics incorporated with localized integration; retain superset behavior outside this change.,0d55967556999c16ba49c7db25b791574f434054,667bbf2befb24d8593ac920b8ad09c487b27b780,3992dfc0dda3055c47cd94f8a12238394263664e
direct-no-selector,02ae0ddee3fef799ab9011d66d1db4a5aab9ec31,src/pipeline/tensor/TensorTransfer.cpp,required addition,Selected reference content incorporated without a branch merge.,ed3716dd8d2494e9716823006f1f03eec05fd997,feea9ea842e151bc8fdbdc37a4c2278e20654d0b,feea9ea842e151bc8fdbdc37a4c2278e20654d0b
direct-no-selector,02ae0ddee3fef799ab9011d66d1db4a5aab9ec31,tests/CMakeLists.txt,required addition,Selected semantics incorporated with localized integration; retain superset behavior outside this change.,05cf55c8bd90ae2096b65e84148507c521c065db,2a078f28ac75dbe8a1185e178413d206a47b7001,5b5cac7eaaf1637323494c39567ff08380d0159a
direct-no-selector,02ae0ddee3fef799ab9011d66d1db4a5aab9ec31,tests/e2e_pipelines/img_classification/hybrid_graph_rtsp_resnet50_tput_test.cpp,superseded,"Retain superset physical planning, typed model contracts and lifecycle; do not restore old selectors or duplicate LegacyAfeMpkDecoder.",3b7bd4061a51568b8c64bb0d1607ec2ef722738f,aa8f085d21533b66f50896dc1cb7aac7d3b75fab,3b7bd4061a51568b8c64bb0d1607ec2ef722738f
direct-no-selector,02ae0ddee3fef799ab9011d66d1db4a5aab9ec31,tests/e2e_pipelines/obj_detection/yolov8_variant_route_matrix_test.cpp,required addition,Selected reference content incorporated without a branch merge.,aa0fc97e3f4128493fe72fb63517027c799c6d32,2bddf8171d2fb48b51de980e4e74bf579a5eded5,2bddf8171d2fb48b51de980e4e74bf579a5eded5
direct-no-selector,02ae0ddee3fef799ab9011d66d1db4a5aab9ec31,tests/e2e_testing/codec_decode_accuracy_test.cpp,superseded,"Retain superset physical planning, typed model contracts and lifecycle; do not restore old selectors or duplicate LegacyAfeMpkDecoder.",7a105fd038970a0df816828093bb7da3db293e08,65ac0fe472c25fd0dc6d55554fff6776922863f1,7a105fd038970a0df816828093bb7da3db293e08
direct-no-selector,02ae0ddee3fef799ab9011d66d1db4a5aab9ec31,tests/e2e_testing/decoder_multirun_admission_boundary_test.cpp,required addition,Selected semantics incorporated with localized integration; retain superset behavior outside this change.,65c84fc165fa3386db9f09b39261b6610a2fe7ac,,7ab2d65b257b4cda0153a2d37ac7d26081852efa
direct-no-selector,02ae0ddee3fef799ab9011d66d1db4a5aab9ec31,tests/e2e_testing/decoder_quality_compare_test.cpp,superseded,"Retain superset physical planning, typed model contracts and lifecycle; do not restore old selectors or duplicate LegacyAfeMpkDecoder.",4cb7daac25b2ba15774bee888a45ef3c8c841bef,6483b14e874ed3a64eab247a6417b36e37ece170,4cb7daac25b2ba15774bee888a45ef3c8c841bef
direct-no-selector,02ae0ddee3fef799ab9011d66d1db4a5aab9ec31,tests/e2e_testing/ev74_four_process_rpmsg_concurrency_test.cpp,superseded,"Retain superset physical planning, typed model contracts and lifecycle; do not restore old selectors or duplicate LegacyAfeMpkDecoder.",b75a7f5e38df7a8e35d5ad7da175ddc1d21aeb78,,b75a7f5e38df7a8e35d5ad7da175ddc1d21aeb78
direct-no-selector,02ae0ddee3fef799ab9011d66d1db4a5aab9ec31,tests/e2e_testing/genai/genai_server_reasoning_http_test.cpp,superseded,"Retain superset physical planning, typed model contracts and lifecycle; do not restore old selectors or duplicate LegacyAfeMpkDecoder.",2e3fb6851e47d6469b2641c0d7a263e07a17a57e,69c396224b47e762a077a4011a175baf7dfca093,2e3fb6851e47d6469b2641c0d7a263e07a17a57e
direct-no-selector,02ae0ddee3fef799ab9011d66d1db4a5aab9ec31,tests/e2e_testing/h265_decode_determinism_test.cpp,superseded,"Retain superset physical planning, typed model contracts and lifecycle; do not restore old selectors or duplicate LegacyAfeMpkDecoder.",7c7b1895cf4f638c66a489b657b2d18d4ebffab3,6284c4da309cae9705980adec09911863cd0e63f,7c7b1895cf4f638c66a489b657b2d18d4ebffab3
direct-no-selector,02ae0ddee3fef799ab9011d66d1db4a5aab9ec31,tests/e2e_testing/multipart_header_capture_decode_e2e_test.cpp,superseded,"Retain superset physical planning, typed model contracts and lifecycle; do not restore old selectors or duplicate LegacyAfeMpkDecoder.",4ac8dd2f0566231885185010006cd90ffb706d4d,6e5bbe777b0882177831f42c843d5c9c42e21738,4ac8dd2f0566231885185010006cd90ffb706d4d
direct-no-selector,02ae0ddee3fef799ab9011d66d1db4a5aab9ec31,tests/e2e_testing/video_sender_adaptive_ingress_e2e_test.cpp,superseded,"Retain superset physical planning, typed model contracts and lifecycle; do not restore old selectors or duplicate LegacyAfeMpkDecoder.",4dc0aa572e96865d1230b751f59a6bd7166fc532,28bcc19d3ea8aee68a2ffdbf3e9774e4705d096d,4dc0aa572e96865d1230b751f59a6bd7166fc532
direct-no-selector,02ae0ddee3fef799ab9011d66d1db4a5aab9ec31,tests/graph_migration/legacy/yolov8_variant_route_matrix_legacy_graph_test.cpp,required addition,Selected reference content incorporated without a branch merge.,15e1583f3744419417b3400caa78116423336554,4c6e0e5a29e55871b50f26dbd9e3d9d04cb6ae08,4c6e0e5a29e55871b50f26dbd9e3d9d04cb6ae08
direct-no-selector,02ae0ddee3fef799ab9011d66d1db4a5aab9ec31,tests/graph_migration/unified/yolov8_variant_route_matrix_common.inc,required addition,Selected reference content incorporated without a branch merge.,326e21cb60dc476fcc44e1a11698cdec04158070,dc3bc596135958f2cd8ec065494252bfe8c0b2a4,dc3bc596135958f2cd8ec065494252bfe8c0b2a4
direct-no-selector,02ae0ddee3fef799ab9011d66d1db4a5aab9ec31,tests/neat_tensor_device_placement_test.cpp,required addition,Selected reference content incorporated without a branch merge.,98ad0bee550af7b4e814f3ed21e966c2e7e2ce4f,85cb46d82b3c72a9b214613e004ed95455ea5b26,85cb46d82b3c72a9b214613e004ed95455ea5b26
direct-no-selector,02ae0ddee3fef799ab9011d66d1db4a5aab9ec31,tests/perf/codec_perf_common.h,superseded,"Retain superset physical planning, typed model contracts and lifecycle; do not restore old selectors or duplicate LegacyAfeMpkDecoder.",cd43e2e5ceecd48ec6731d4ce0a4f873dbd94eaa,2edfccf0dc27f34ba4945adba1f69ff3658a5452,cd43e2e5ceecd48ec6731d4ce0a4f873dbd94eaa
direct-no-selector,02ae0ddee3fef799ab9011d66d1db4a5aab9ec31,tests/tools/prepare_genai_models.sh,superseded,"Retain superset physical planning, typed model contracts and lifecycle; do not restore old selectors or duplicate LegacyAfeMpkDecoder.",4a2d4942091a9cf8d3ff52f6c2d1575b9ac1a0cf,313a0061bd964e62dca83a7726fdc1f0dd8fb6e1,4a2d4942091a9cf8d3ff52f6c2d1575b9ac1a0cf
direct-no-selector,02ae0ddee3fef799ab9011d66d1db4a5aab9ec31,tests/tools/restart_appcomplex_before_test.sh,superseded,"Retain superset physical planning, typed model contracts and lifecycle; do not restore old selectors or duplicate LegacyAfeMpkDecoder.",,5d605069a08ac68b1da79e150c7f0fa001d1396c,
direct-no-selector,02ae0ddee3fef799ab9011d66d1db4a5aab9ec31,tests/tools/test_install_neat_framework_native_restore.py,superseded,"Retain superset physical planning, typed model contracts and lifecycle; do not restore old selectors or duplicate LegacyAfeMpkDecoder.",0694c4511a7e83bd0de33d122cf81ec497d88fc6,45d69c8724d33f6166b18fc5831c7e720959c49b,0694c4511a7e83bd0de33d122cf81ec497d88fc6
direct-no-selector,02ae0ddee3fef799ab9011d66d1db4a5aab9ec31,tests/tools/test_internals_package_boundary.py,superseded,"Retain superset physical planning, typed model contracts and lifecycle; do not restore old selectors or duplicate LegacyAfeMpkDecoder.",9ba240c4f202fa1416f08113d652c4be741f6e38,,9ba240c4f202fa1416f08113d652c4be741f6e38
direct-no-selector,02ae0ddee3fef799ab9011d66d1db4a5aab9ec31,tests/unit_testing/unit_000_devkit_package_inventory_test.cpp,superseded,"Retain superset physical planning, typed model contracts and lifecycle; do not restore old selectors or duplicate LegacyAfeMpkDecoder.",c4fbbe9e5eafd0a5718494b50e63c6291c26d4fa,40c2e7a71bbcec2ea39267fa602fff516fd088d0,c4fbbe9e5eafd0a5718494b50e63c6291c26d4fa
direct-no-selector,02ae0ddee3fef799ab9011d66d1db4a5aab9ec31,tests/unit_testing/unit_afe_mpk_v2_decoder_test.cpp,required addition,Selected semantics incorporated with localized integration; retain superset behavior outside this change.,74f38c76da61385ab955bfaf562ecd17a369f1fd,63ac12dc7c91db3b3c9d312ce65354020c306df9,d258392e3de1844f3c6b0e0344e687c577d6a5f3
direct-no-selector,02ae0ddee3fef799ab9011d66d1db4a5aab9ec31,tests/unit_testing/unit_camera_allocation_query_test.cpp,superseded,"Retain superset physical planning, typed model contracts and lifecycle; do not restore old selectors or duplicate LegacyAfeMpkDecoder.",246d24ca3de304bf41faa65c720d4217ec20f0d0,,246d24ca3de304bf41faa65c720d4217ec20f0d0
direct-no-selector,02ae0ddee3fef799ab9011d66d1db4a5aab9ec31,tests/unit_testing/unit_decoder_admission_test.cpp,required addition,Selected semantics incorporated with localized integration; retain superset behavior outside this change.,6aa8341424b15e56373b382ae821f459a71f05b6,,2557a8e16cbfcd0dc32369b44f3ee2dad6b43d65
direct-no-selector,02ae0ddee3fef799ab9011d66d1db4a5aab9ec31,tests/unit_testing/unit_dmabuf_eligibility_test.cpp,required addition,Selected semantics incorporated with localized integration; retain superset behavior outside this change.,c267fde13b12b4c6adb2834dd516df2f9a9a357a,c975a62e0631457e00cd059e357c51c6a94ae120,c8af91a41a80d43d1f88e7c62d5e9d869821a455
direct-no-selector,02ae0ddee3fef799ab9011d66d1db4a5aab9ec31,tests/unit_testing/unit_fused_realtime_fast_path_options_test.cpp,superseded,"Retain superset physical planning, typed model contracts and lifecycle; do not restore old selectors or duplicate LegacyAfeMpkDecoder.",b44505c936cbb23f9a01d3eb9ed30cc05295bcf7,a53db62d9e0f1d2ffa2125352c273e0fd06561d6,b44505c936cbb23f9a01d3eb9ed30cc05295bcf7
direct-no-selector,02ae0ddee3fef799ab9011d66d1db4a5aab9ec31,tests/unit_testing/unit_memory_backend_policy_test.cpp,required addition,Selected reference content incorporated without a branch merge.,208795d5d3a513a3703f1c5b7f3a0358311aaa64,,
direct-no-selector,02ae0ddee3fef799ab9011d66d1db4a5aab9ec31,tests/unit_testing/unit_model_metadata_test.cpp,required addition,Selected reference content incorporated without a branch merge.,fc5be5828df9a592856c8594cc39e81a016036cd,08e1054ed1a40acf93cf8ad4f96678a37f952732,08e1054ed1a40acf93cf8ad4f96678a37f952732
direct-no-selector,02ae0ddee3fef799ab9011d66d1db4a5aab9ec31,tests/unit_testing/unit_model_route_planner_test.cpp,required addition,Selected semantics incorporated with localized integration; retain superset behavior outside this change.,26ebc1ace50bc63eb5e6e282209c92105542ea05,a05ff4716b3a0b04081c89df3abc5dab64de2a30,c24d18818795d94cce0d31d9a6c5b4e9fb5bedb6
direct-no-selector,02ae0ddee3fef799ab9011d66d1db4a5aab9ec31,tests/unit_testing/unit_modelpack_mla_handoff_segment_test.cpp,required addition,Selected reference content incorporated without a branch merge.,bac887f5d95915063173f3edf44a4b8e96015877,92da9d8609456e531e0926164b79357998050af5,92da9d8609456e531e0926164b79357998050af5
direct-no-selector,02ae0ddee3fef799ab9011d66d1db4a5aab9ec31,tests/unit_testing/unit_modelpack_multi_mla_plan_test.cpp,required addition,Selected semantics incorporated with localized integration; retain superset behavior outside this change.,43deece7914faca29ecd6658f52ecea9c8fa69e5,9b2a981a02fb92e2411b9761e9b63390407baaa6,c0bb1253783522bc34a566e8ac2fa037e063f968
direct-no-selector,02ae0ddee3fef799ab9011d66d1db4a5aab9ec31,tests/unit_testing/unit_nodes_test.cpp,superseded,"Retain superset physical planning, typed model contracts and lifecycle; do not restore old selectors or duplicate LegacyAfeMpkDecoder.",aa54aedd89a6929b43c8b4b3a9e90a3594e8039e,c5c7ee9e79cceeeb6576c0314c73f742a0abcc00,aa54aedd89a6929b43c8b4b3a9e90a3594e8039e
direct-no-selector,02ae0ddee3fef799ab9011d66d1db4a5aab9ec31,tests/unit_testing/unit_pcie_nodes_test.cpp,unrelated,Preserve existing PCIe/camera/multi-output functionality; older deletions are outside driver consolidation.,f2bc7316c31cee6358d5442a5c265c1025f0e233,303cc38ff9b0c82c9a50f2921474d1a59da1d2be,f2bc7316c31cee6358d5442a5c265c1025f0e233
direct-no-selector,02ae0ddee3fef799ab9011d66d1db4a5aab9ec31,tests/unit_testing/unit_post_region_materialization_test.cpp,required addition,Selected reference content incorporated without a branch merge.,72b154bf59eeedd394cf3f7ea80f49e119995e29,3c0b736d388915ad64342bf1838a9a56283d50fa,3c0b736d388915ad64342bf1838a9a56283d50fa
direct-no-selector,02ae0ddee3fef799ab9011d66d1db4a5aab9ec31,tests/unit_testing/unit_resnet50_mla_handoff_segment_test.cpp,required addition,Selected reference content incorporated without a branch merge.,528ff922e0b08a509486ce3869934ffc5c27a3a3,a761552cb425d794b12dca515612e18f3b62adf9,a761552cb425d794b12dca515612e18f3b62adf9
direct-no-selector,02ae0ddee3fef799ab9011d66d1db4a5aab9ec31,tests/unit_testing/unit_route_plan_detess_adapter_test.cpp,required addition,Selected reference content incorporated without a branch merge.,0dc8d98a10a11f97689dee3e23af2e97745fa4c6,3c9460050736c78135eace5553e10522c554f8ea,3c9460050736c78135eace5553e10522c554f8ea
direct-no-selector,02ae0ddee3fef799ab9011d66d1db4a5aab9ec31,tests/unit_testing/unit_run_api_matrix_test.cpp,superseded,"Retain superset physical planning, typed model contracts and lifecycle; do not restore old selectors or duplicate LegacyAfeMpkDecoder.",3a66a2b529c50e9d34ae219cb6958b37271f0dab,dc558927bf20e25357c80933480f9782e9bea7f8,3a66a2b529c50e9d34ae219cb6958b37271f0dab
direct-no-selector,02ae0ddee3fef799ab9011d66d1db4a5aab9ec31,tests/unit_testing/unit_run_lifecycle_teardown_test.cpp,superseded,"Retain superset physical planning, typed model contracts and lifecycle; do not restore old selectors or duplicate LegacyAfeMpkDecoder.",097785248a8adea15a5286a3e3c09246cdc6edcd,363b7f013d1b75a53500b9b5136fd425c5acf40d,097785248a8adea15a5286a3e3c09246cdc6edcd
direct-no-selector,02ae0ddee3fef799ab9011d66d1db4a5aab9ec31,tests/unit_testing/unit_video_sender_adaptive_ingress_test.cpp,required addition,Selected semantics incorporated with localized integration; retain superset behavior outside this change.,f2f32e66a2b3ad4636c71132dd1c5e2e17af3a48,6a758e3d1007d5d4f658bc20ddf1f3a948b6c0ce,44945a0f31d5881043e263315cc1f4fddfc9fbae
direct-no-selector,02ae0ddee3fef799ab9011d66d1db4a5aab9ec31,tests/unit_testing/unit_video_sender_test.cpp,superseded,"Retain superset physical planning, typed model contracts and lifecycle; do not restore old selectors or duplicate LegacyAfeMpkDecoder.",e4eb772cd6da858c758a22df6c85b2604e74afa1,6ec25b3841ec58539f0ffe971479b58a6d70427d,e4eb772cd6da858c758a22df6c85b2604e74afa1
direct-no-selector,02ae0ddee3fef799ab9011d66d1db4a5aab9ec31,tests/unit_testing/unit_yolov8_mla_handoff_segment_test.cpp,required addition,Selected reference content incorporated without a branch merge.,f0f80403072600c55e103fedb663a1eece92703c,92a160e1bc1eb13b497ecd24b256f953e5a9748f,92a160e1bc1eb13b497ecd24b256f953e5a9748f
direct-no-selector,02ae0ddee3fef799ab9011d66d1db4a5aab9ec31,tools/generate_tutorial_docs.py,superseded,"Retain superset physical planning, typed model contracts and lifecycle; do not restore old selectors or duplicate LegacyAfeMpkDecoder.",fd6939f050fe27f83e61a2d4c36409aeef115b7c,9b5e35f5816b07acbb2cb9fd15846f1bc6e9a039,fd6939f050fe27f83e61a2d4c36409aeef115b7c
direct-no-selector,02ae0ddee3fef799ab9011d66d1db4a5aab9ec31,tools/install_neat_framework.sh,superseded,"Retain superset physical planning, typed model contracts and lifecycle; do not restore old selectors or duplicate LegacyAfeMpkDecoder.",b2420261c410f0dac258313a46a193b1807a62ca,d98a6789cb1939880f4f55d5aeb477677f2d8514,b2420261c410f0dac258313a46a193b1807a62ca
direct-no-selector,02ae0ddee3fef799ab9011d66d1db4a5aab9ec31,tools/pcie_pipeline_builder.cpp,unrelated,Preserve existing PCIe/camera/multi-output functionality; older deletions are outside driver consolidation.,f8be6ac87d5b9d8eafbc965a45bd8e6d7a95bab3,,f8be6ac87d5b9d8eafbc965a45bd8e6d7a95bab3
direct-no-selector,02ae0ddee3fef799ab9011d66d1db4a5aab9ec31,tools/validate_neat_package_bundle.py,superseded,"Retain superset physical planning, typed model contracts and lifecycle; do not restore old selectors or duplicate LegacyAfeMpkDecoder.",,086ca06fa43e056d5d45e0a7c807638284a851ad,
direct-no-selector,02ae0ddee3fef799ab9011d66d1db4a5aab9ec31,tutorials/001_run_your_first_model/README.md,superseded,"Retain superset physical planning, typed model contracts and lifecycle; do not restore old selectors or duplicate LegacyAfeMpkDecoder.",91ee4b6afff76df7b5ea0dbbf6938c15e39bf7b1,a50eaed06361c51675fc70cb2931338cac420323,91ee4b6afff76df7b5ea0dbbf6938c15e39bf7b1
direct-no-selector,02ae0ddee3fef799ab9011d66d1db4a5aab9ec31,tutorials/002_run_inference_async/README.md,superseded,"Retain superset physical planning, typed model contracts and lifecycle; do not restore old selectors or duplicate LegacyAfeMpkDecoder.",077cc93644b65a23d69726bf61fdb7954398394f,e91365aa339019aaed3ccee99fb1f91046fd016a,077cc93644b65a23d69726bf61fdb7954398394f
direct-no-selector,02ae0ddee3fef799ab9011d66d1db4a5aab9ec31,tutorials/003_benchmark_your_model/README.md,superseded,"Retain superset physical planning, typed model contracts and lifecycle; do not restore old selectors or duplicate LegacyAfeMpkDecoder.",32d6ed87242217dda776a5d3e649bf14aefe58cf,02d89dcbcffbfe00f4f39aa32a884665c0e6324f,32d6ed87242217dda776a5d3e649bf14aefe58cf
direct-no-selector,02ae0ddee3fef799ab9011d66d1db4a5aab9ec31,tutorials/004_build_inference_pipeline/README.md,superseded,"Retain superset physical planning, typed model contracts and lifecycle; do not restore old selectors or duplicate LegacyAfeMpkDecoder.",359f5a86229a6e5fc85e15c44ce77d1981b72f77,701659861fe6bc6bd02a3da8bfd861b5bb5ece8b,359f5a86229a6e5fc85e15c44ce77d1981b72f77
direct-no-selector,02ae0ddee3fef799ab9011d66d1db4a5aab9ec31,tutorials/005_configure_model_options/README.md,superseded,"Retain superset physical planning, typed model contracts and lifecycle; do not restore old selectors or duplicate LegacyAfeMpkDecoder.",6ab9494c4c81aba68d86495cd20b97d69cf108fa,13167afd8db105f947c98cca4e2e1eca02dab742,6ab9494c4c81aba68d86495cd20b97d69cf108fa
direct-no-selector,02ae0ddee3fef799ab9011d66d1db4a5aab9ec31,tutorials/006_preprocess_images/README.md,superseded,"Retain superset physical planning, typed model contracts and lifecycle; do not restore old selectors or duplicate LegacyAfeMpkDecoder.",ad5371891e788c1f2f9d027dc7f5fe6d167009e7,c7518d11bd99aa6fdf1055f4e6a18ceb2a5a324f,ad5371891e788c1f2f9d027dc7f5fe6d167009e7
direct-no-selector,02ae0ddee3fef799ab9011d66d1db4a5aab9ec31,tutorials/007_read_detection_boxes/README.md,superseded,"Retain superset physical planning, typed model contracts and lifecycle; do not restore old selectors or duplicate LegacyAfeMpkDecoder.",798c0a75565c14ae1f61cafe0d4627cc1a89260f,1274bb80a63cdcff75abd3c1b3032c7df95038f3,798c0a75565c14ae1f61cafe0d4627cc1a89260f
direct-no-selector,02ae0ddee3fef799ab9011d66d1db4a5aab9ec31,tutorials/008_plug_model_into_pipeline/README.md,superseded,"Retain superset physical planning, typed model contracts and lifecycle; do not restore old selectors or duplicate LegacyAfeMpkDecoder.",226dcb9642c219f1a338e8d2adc73bf5aba622c6,1dd75299ae0e97d913d38558db702ea3a93b0f3b,226dcb9642c219f1a338e8d2adc73bf5aba622c6
direct-no-selector,02ae0ddee3fef799ab9011d66d1db4a5aab9ec31,tutorials/009_pass_numpy_to_model/README.md,superseded,"Retain superset physical planning, typed model contracts and lifecycle; do not restore old selectors or duplicate LegacyAfeMpkDecoder.",f488ea1b71a3aa0642d0f22be341e463c037a443,ec6324fbbd26e96d74064a7b11b2ad34454207fb,f488ea1b71a3aa0642d0f22be341e463c037a443
direct-no-selector,02ae0ddee3fef799ab9011d66d1db4a5aab9ec31,tutorials/010_feed_multi_input_model/README.md,superseded,"Retain superset physical planning, typed model contracts and lifecycle; do not restore old selectors or duplicate LegacyAfeMpkDecoder.",ff58fb38758219a6144ee96a80abb6e5b4a2c15f,2ffb00526310acdfecb2cf95a60cc31f99351ad2,ff58fb38758219a6144ee96a80abb6e5b4a2c15f
direct-no-selector,02ae0ddee3fef799ab9011d66d1db4a5aab9ec31,tutorials/011_interpret_model_output/README.md,superseded,"Retain superset physical planning, typed model contracts and lifecycle; do not restore old selectors or duplicate LegacyAfeMpkDecoder.",2c904607c872da7f7f1f744be66bd76966037211,9d5c1b5a791e26256720d8c54951a2e197189cef,2c904607c872da7f7f1f744be66bd76966037211
direct-no-selector,02ae0ddee3fef799ab9011d66d1db4a5aab9ec31,tutorials/012_diagnose_a_pipeline/README.md,superseded,"Retain superset physical planning, typed model contracts and lifecycle; do not restore old selectors or duplicate LegacyAfeMpkDecoder.",5caf3ab33a7f0dc1d08a595f9fc8728b9c602b11,3e52d4c23d4a864bf02757591e4eda2e4a31bcfe,5caf3ab33a7f0dc1d08a595f9fc8728b9c602b11
direct-no-selector,02ae0ddee3fef799ab9011d66d1db4a5aab9ec31,tutorials/013_build_a_custom_data_graph/README.md,superseded,"Retain superset physical planning, typed model contracts and lifecycle; do not restore old selectors or duplicate LegacyAfeMpkDecoder.",dde5b5c6c92135c9d798539c9a5cd96dfb6d3f4a,e01924340c3200639b3e6dde8e89e6870892f7cb,dde5b5c6c92135c9d798539c9a5cd96dfb6d3f4a
direct-no-selector,02ae0ddee3fef799ab9011d66d1db4a5aab9ec31,tutorials/014_embed_model_inside_graph/README.md,superseded,"Retain superset physical planning, typed model contracts and lifecycle; do not restore old selectors or duplicate LegacyAfeMpkDecoder.",a331b403e5b6075bd493b8e96af7fee5c075b87f,3883a3d1443013060bef5e4ba12fd86a53f81ba8,a331b403e5b6075bd493b8e96af7fee5c075b87f
direct-no-selector,02ae0ddee3fef799ab9011d66d1db4a5aab9ec31,tutorials/015_run_multiple_streams/README.md,superseded,"Retain superset physical planning, typed model contracts and lifecycle; do not restore old selectors or duplicate LegacyAfeMpkDecoder.",f0066552a6766c18a574fb4f394c7d34d3f102bb,4d17145fb0d789001bc0d5eb8f1e2de426dc7e46,f0066552a6766c18a574fb4f394c7d34d3f102bb
direct-no-selector,02ae0ddee3fef799ab9011d66d1db4a5aab9ec31,tutorials/016_tune_throughput_and_queues/README.md,superseded,"Retain superset physical planning, typed model contracts and lifecycle; do not restore old selectors or duplicate LegacyAfeMpkDecoder.",dc084c22a7b0c382a5b79b85eeb264f423337dc4,8fb4d609a328963e619e3f03a7fb82bc565d1b69,dc084c22a7b0c382a5b79b85eeb264f423337dc4
direct-no-selector,02ae0ddee3fef799ab9011d66d1db4a5aab9ec31,tutorials/017_build_production_pipeline/README.md,superseded,"Retain superset physical planning, typed model contracts and lifecycle; do not restore old selectors or duplicate LegacyAfeMpkDecoder.",5fea8fece7c255d321fafd56f669d98e4377f2c3,eb6194794b966779f9891985eaaaac1d567ef5d0,5fea8fece7c255d321fafd56f669d98e4377f2c3
direct-no-selector,02ae0ddee3fef799ab9011d66d1db4a5aab9ec31,tutorials/018_consume_rtsp_stream/README.md,superseded,"Retain superset physical planning, typed model contracts and lifecycle; do not restore old selectors or duplicate LegacyAfeMpkDecoder.",9d1ad28622b0eed0af8f7a320caae32aaf1bec36,f644e121a0cc32c6c795bdcc5159de653ae53dfa,9d1ad28622b0eed0af8f7a320caae32aaf1bec36
direct-no-selector,02ae0ddee3fef799ab9011d66d1db4a5aab9ec31,tutorials/019_run_an_llm/README.md,superseded,"Retain superset physical planning, typed model contracts and lifecycle; do not restore old selectors or duplicate LegacyAfeMpkDecoder.",9c1165d9cf19083f49c16071e39b6e29b8926f40,0ac084de4368b943309f7355a9c88d407291ef92,9c1165d9cf19083f49c16071e39b6e29b8926f40
direct-no-selector,02ae0ddee3fef799ab9011d66d1db4a5aab9ec31,tutorials/020_run_a_vlm/README.md,superseded,"Retain superset physical planning, typed model contracts and lifecycle; do not restore old selectors or duplicate LegacyAfeMpkDecoder.",3c39dd8b006ab0edcf207e404c3b95604ef50a51,97b399d37c82b7a6e6097f287c8bcc38426d49be,3c39dd8b006ab0edcf207e404c3b95604ef50a51
direct-no-selector,02ae0ddee3fef799ab9011d66d1db4a5aab9ec31,tutorials/021_serve_genai_models/README.md,superseded,"Retain superset physical planning, typed model contracts and lifecycle; do not restore old selectors or duplicate LegacyAfeMpkDecoder.",c96822aae52a1a0644c34a7b4d6fb7f4e288e84d,eedf58a1b9ebcfe86e52e341337be92a856b711a,c96822aae52a1a0644c34a7b4d6fb7f4e288e84d
direct-no-selector,02ae0ddee3fef799ab9011d66d1db4a5aab9ec31,tutorials/022_compose_genai_into_graph/README.md,superseded,"Retain superset physical planning, typed model contracts and lifecycle; do not restore old selectors or duplicate LegacyAfeMpkDecoder.",99201b2c4a7209c109ff8c140f115f8bff4d3786,e584a1d377aca55f5304a07b9bd3bc60b7064ef2,99201b2c4a7209c109ff8c140f115f8bff4d3786
direct-no-selector,02ae0ddee3fef799ab9011d66d1db4a5aab9ec31,tutorials/023_run_mipi_camera_model/README.md,superseded,"Retain superset physical planning, typed model contracts and lifecycle; do not restore old selectors or duplicate LegacyAfeMpkDecoder.",cce112205eb06c5770b12beccc10a2813ea7a82c,37b26feb77c507942cbf662cd7e28c8a5b6d5cd4,cce112205eb06c5770b12beccc10a2813ea7a82c
direct-no-selector,02ae0ddee3fef799ab9011d66d1db4a5aab9ec31,tutorials/023_run_mipi_camera_model/run_mipi_camera_model.cpp,superseded,"Retain superset physical planning, typed model contracts and lifecycle; do not restore old selectors or duplicate LegacyAfeMpkDecoder.",e9ff3ad5e757b72203f7bfc89e512550ff6c5830,d3ac4e14bf0a24f255971b178117af0a01d51d78,e9ff3ad5e757b72203f7bfc89e512550ff6c5830
direct-no-selector,02ae0ddee3fef799ab9011d66d1db4a5aab9ec31,tutorials/023_run_mipi_camera_model/run_mipi_camera_model.py,superseded,"Retain superset physical planning, typed model contracts and lifecycle; do not restore old selectors or duplicate LegacyAfeMpkDecoder.",bd291094fd844867617cb4a09bc50a67bb466a29,4f70d9d262d952badda9f301ce4fb97948dfa6c5,bd291094fd844867617cb4a09bc50a67bb466a29
direct-no-selector,02ae0ddee3fef799ab9011d66d1db4a5aab9ec31,website/docusaurus.config.js,superseded,"Retain superset physical planning, typed model contracts and lifecycle; do not restore old selectors or duplicate LegacyAfeMpkDecoder.",0a3444a61da66a7a5ef251b978a8e871286eda66,c95665bc3b388edf45527b51cb2afb4b08e7e321,0a3444a61da66a7a5ef251b978a8e871286eda66
direct-no-selector,02ae0ddee3fef799ab9011d66d1db4a5aab9ec31,website/src/css/custom.css,superseded,"Retain superset physical planning, typed model contracts and lifecycle; do not restore old selectors or duplicate LegacyAfeMpkDecoder.",ca7597798d1b7331b9e652531eaafc427dbaf6b6,38ae7672193e0e41964a09433808545bdd218d3a,ca7597798d1b7331b9e652531eaafc427dbaf6b6
direct-no-selector,02ae0ddee3fef799ab9011d66d1db4a5aab9ec31,website/static/img/tutorials/flow/004_build_inference_pipeline.svg,superseded,"Retain superset physical planning, typed model contracts and lifecycle; do not restore old selectors or duplicate LegacyAfeMpkDecoder.",990c54f23e60612378b1d781aa50c9c470c0ffea,6d2776e0d70e7a2b8a42ac5488bbb00d8d379d99,990c54f23e60612378b1d781aa50c9c470c0ffea
direct-no-selector,02ae0ddee3fef799ab9011d66d1db4a5aab9ec31,website/static/img/tutorials/flow/010_feed_multi_input_model.svg,superseded,"Retain superset physical planning, typed model contracts and lifecycle; do not restore old selectors or duplicate LegacyAfeMpkDecoder.",51e19b4868ec2dd9594b32dec16e394e877b7db8,15ce6c2e65eb3fb3883542f63ced91f87cdc4625,51e19b4868ec2dd9594b32dec16e394e877b7db8
direct-no-selector,02ae0ddee3fef799ab9011d66d1db4a5aab9ec31,website/static/img/tutorials/flow/018_consume_rtsp_stream.svg,superseded,"Retain superset physical planning, typed model contracts and lifecycle; do not restore old selectors or duplicate LegacyAfeMpkDecoder.",29fa41f6cfb636adcdf5b202a6b48b5949655cb4,0f1e270b525e2e4b8bc083b1895dd23c31bab1f5,29fa41f6cfb636adcdf5b202a6b48b5949655cb4
direct-no-selector,02ae0ddee3fef799ab9011d66d1db4a5aab9ec31,website/static/img/tutorials/flow/023_run_mipi_camera_model.svg,superseded,"Retain superset physical planning, typed model contracts and lifecycle; do not restore old selectors or duplicate LegacyAfeMpkDecoder.",4d4c983231b8b49bb316a4493201e2f2866f3fc9,3f88091031ae2e38591a86d5381c452ce514cdcc,4d4c983231b8b49bb316a4493201e2f2866f3fc9
direct-no-selector,02ae0ddee3fef799ab9011d66d1db4a5aab9ec31,website/static/img/tutorials/flow/024_run_your_first_model_over_pcie.svg,unrelated,Preserve existing PCIe/camera/multi-output functionality; older deletions are outside driver consolidation.,d42ceed0cacd3412b83afe22f77081393b325159,,d42ceed0cacd3412b83afe22f77081393b325159
direct-no-selector,02ae0ddee3fef799ab9011d66d1db4a5aab9ec31,website/static/img/tutorials/flow/025_run_pcie_inference_async.svg,unrelated,Preserve existing PCIe/camera/multi-output functionality; older deletions are outside driver consolidation.,05a52b262db165f4b805cac335c0de1945d54e2c,,05a52b262db165f4b805cac335c0de1945d54e2c
direct-no-selector,02ae0ddee3fef799ab9011d66d1db4a5aab9ec31,website/static/img/tutorials/flow/026_run_multiple_models.svg,superseded,"Retain superset physical planning, typed model contracts and lifecycle; do not restore old selectors or duplicate LegacyAfeMpkDecoder.",914bdf30e04c2551f5a5a9ceb8eb0105f184969e,,914bdf30e04c2551f5a5a9ceb8eb0105f184969e
decoder-command-fd,0c3fb40db1924becce2ec370978d9c400d71a167,src/pipeline/runtime/DecoderAdmission.cpp,required addition,Selected semantics incorporated with localized integration; retain superset behavior outside this change.,f0b451347a609bf42c63ce438c1f21d4ff56fe78,c643ae570d8012f767846742cb4e3a4d78f16309,646dfa00bf99401554c8c26a93043bd8fdc89f36
decoder-command-fd,0c3fb40db1924becce2ec370978d9c400d71a167,tests/unit_testing/unit_decoder_admission_test.cpp,required addition,Selected semantics incorporated with localized integration; retain superset behavior outside this change.,6aa8341424b15e56373b382ae821f459a71f05b6,de8b97ecce39100a2fd27c62763b387daee96105,2557a8e16cbfcd0dc32369b44f3ee2dad6b43d65
